Year,City,NOC,Country,GwCodes,MappingStatus,MappingReason,GoldMedals,SilverMedals,BronzeMedals,TotalMedals,TotalMedalsAwarded,GoldMedalsAwarded,TotalMedalShare,GoldMedalShare,ParticipationStatus,BoycottBy
1952,Helsinki,AHO,Netherlands Antilles,,excluded_non_sovereign,Olympic delegation does not correspond to an independent sovereign-state geometry in the adopted CShapes choropleth.,0.0,0.0,0.0,0.0,457,149,0.0,0.0,participated,
1952,Helsinki,ARG,Argentina,160,mapped,,1.0,2.0,2.0,5.0,457,149,0.010940919037199124,0.006711409395973154,participated,
1952,Helsinki,AUS,Australia,900,mapped,,6.0,2.0,3.0,11.0,457,149,0.024070021881838075,0.040268456375838924,participated,
1952,Helsinki,AUT,Austria,305,mapped,,0.0,1.0,1.0,2.0,457,149,0.00437636761487965,0.0,participated,
1952,Helsinki,BAH,Bahamas,31,mapped,,0.0,0.0,0.0,0.0,457,149,0.0,0.0,participated,
1952,Helsinki,BEL,Belgium,211,mapped,,2.0,2.0,0.0,4.0,457,149,0.0087527352297593,0.013422818791946308,participated,
1952,Helsinki,BER,Bermuda,,excluded_non_sovereign,Olympic delegation does not correspond to an independent sovereign-state geometry in the adopted CShapes choropleth.,0.0,0.0,0.0,0.0,457,149,0.0,0.0,participated,
1952,Helsinki,BRA,Brazil,140,mapped,,1.0,0.0,2.0,3.0,457,149,0.006564551422319475,0.006711409395973154,participated,
1952,Helsinki,BUL,Bulgaria,355,mapped,,0.0,0.0,1.0,1.0,457,149,0.002188183807439825,0.0,participated,
1952,Helsinki,CAN,Canada,20,mapped,,1.0,2.0,0.0,3.0,457,149,0.006564551422319475,0.006711409395973154,participated,
1952,Helsinki,CHI,Chile,155,mapped,,0.0,2.0,0.0,2.0,457,149,0.00437636761487965,0.0,participated,
1952,Helsinki,CHN,China,710,mapped,,0.0,0.0,0.0,0.0,457,149,0.0,0.0,participated,
1952,Helsinki,CUB,Cuba,40,mapped,,0.0,0.0,0.0,0.0,457,149,0.0,0.0,participated,
1952,Helsinki,DEN,Denmark,390,mapped,,2.0,1.0,3.0,6.0,457,149,0.01312910284463895,0.013422818791946308,participated,
1952,Helsinki,EGY,Egypt,651,mapped,,0.0,0.0,1.0,1.0,457,149,0.002188183807439825,0.0,participated,
1952,Helsinki,ESP,Spain,230,mapped,,0.0,1.0,0.0,1.0,457,149,0.002188183807439825,0.0,participated,
1952,Helsinki,FIN,Finland,375,mapped,,6.0,3.0,13.0,22.0,457,149,0.04814004376367615,0.040268456375838924,participated,
1952,Helsinki,FRA,France,220,mapped,,6.0,6.0,6.0,18.0,457,149,0.03938730853391685,0.040268456375838924,participated,
1952,Helsinki,GBR,Great Britain,200,mapped,,1.0,2.0,8.0,11.0,457,149,0.024070021881838075,0.006711409395973154,participated,
1952,Helsinki,GER,Germany,260,mapped,,0.0,7.0,17.0,24.0,457,149,0.0525164113785558,0.0,participated,
1952,Helsinki,GHA,Ghana,452,mapped,,0.0,0.0,0.0,0.0,457,149,0.0,0.0,participated,
1952,Helsinki,GRE,Greece,350,mapped,,0.0,0.0,0.0,0.0,457,149,0.0,0.0,participated,
1952,Helsinki,GUA,Guatemala,90,mapped,,0.0,0.0,0.0,0.0,457,149,0.0,0.0,participated,
1952,Helsinki,GUY,Guyana,110,mapped,,0.0,0.0,0.0,0.0,457,149,0.0,0.0,participated,
1952,Helsinki,HKG,Hong Kong,,excluded_non_sovereign,Olympic delegation does not correspond to an independent sovereign-state geometry in the adopted CShapes choropleth.,0.0,0.0,0.0,0.0,457,149,0.0,0.0,participated,
1952,Helsinki,HUN,Hungary,310,mapped,,16.0,10.0,16.0,42.0,457,149,0.09190371991247265,0.10738255033557047,participated,
1952,Helsinki,INA,Indonesia,850,mapped,,0.0,0.0,0.0,0.0,457,149,0.0,0.0,participated,
1952,Helsinki,IND,India,750,mapped,,1.0,0.0,1.0,2.0,457,149,0.00437636761487965,0.006711409395973154,participated,
1952,Helsinki,IRI,Iran,630,mapped,,0.0,3.0,4.0,7.0,457,149,0.015317286652078774,0.0,participated,
1952,Helsinki,IRL,Ireland,205,mapped,,0.0,1.0,0.0,1.0,457,149,0.002188183807439825,0.0,participated,
1952,Helsinki,ISL,Iceland,395,mapped,,0.0,0.0,0.0,0.0,457,149,0.0,0.0,participated,
1952,Helsinki,ISR,Israel,666,mapped,,0.0,0.0,0.0,0.0,457,149,0.0,0.0,participated,
1952,Helsinki,ITA,Italy,325,mapped,,8.0,9.0,4.0,21.0,457,149,0.045951859956236324,0.053691275167785234,participated,
1952,Helsinki,JAM,Jamaica,51,mapped,,2.0,3.0,0.0,5.0,457,149,0.010940919037199124,0.013422818791946308,participated,
1952,Helsinki,JPN,Japan,740,mapped,,1.0,6.0,1.0,8.0,457,149,0.0175054704595186,0.006711409395973154,participated,
1952,Helsinki,KOR,South Korea,732,mapped,,0.0,0.0,2.0,2.0,457,149,0.00437636761487965,0.0,participated,
1952,Helsinki,LIB,Lebanon,660,mapped,,0.0,1.0,1.0,2.0,457,149,0.00437636761487965,0.0,participated,
1952,Helsinki,LIE,Liechtenstein,,excluded_no_cshapes_geometry,No corresponding geometry is available in the adopted CShapes/Gleditsch-Ward sovereign-state basemap for this Olympic scope.,0.0,0.0,0.0,0.0,457,149,0.0,0.0,participated,
1952,Helsinki,LUX,Luxembourg,212,mapped,,1.0,0.0,0.0,1.0,457,149,0.002188183807439825,0.006711409395973154,participated,
1952,Helsinki,MEX,Mexico,70,mapped,,0.0,1.0,0.0,1.0,457,149,0.002188183807439825,0.0,participated,
1952,Helsinki,MON,Monaco,,excluded_no_cshapes_geometry,No corresponding geometry is available in the adopted CShapes/Gleditsch-Ward sovereign-state basemap for this Olympic scope.,0.0,0.0,0.0,0.0,457,149,0.0,0.0,participated,
1952,Helsinki,MYA,Myanmar,775,mapped,,0.0,0.0,0.0,0.0,457,149,0.0,0.0,participated,
1952,Helsinki,NED,Netherlands,210,mapped,,0.0,5.0,0.0,5.0,457,149,0.010940919037199124,0.0,participated,
1952,Helsinki,NGR,Nigeria,475,mapped,,0.0,0.0,0.0,0.0,457,149,0.0,0.0,participated,
1952,Helsinki,NOR,Norway,385,mapped,,3.0,2.0,0.0,5.0,457,149,0.010940919037199124,0.020134228187919462,participated,
1952,Helsinki,NZL,New Zealand,920,mapped,,1.0,0.0,2.0,3.0,457,149,0.006564551422319475,0.006711409395973154,participated,
1952,Helsinki,PAK,Pakistan,770,mapped,,0.0,0.0,0.0,0.0,457,149,0.0,0.0,participated,
1952,Helsinki,PAN,Panama,95,mapped,,0.0,0.0,0.0,0.0,457,149,0.0,0.0,participated,
1952,Helsinki,PHI,Philippines,840,mapped,,0.0,0.0,0.0,0.0,457,149,0.0,0.0,participated,
1952,Helsinki,POL,Poland,290,mapped,,1.0,2.0,1.0,4.0,457,149,0.0087527352297593,0.006711409395973154,participated,
1952,Helsinki,POR,Portugal,235,mapped,,0.0,0.0,1.0,1.0,457,149,0.002188183807439825,0.0,participated,
1952,Helsinki,PUR,Puerto Rico,,excluded_non_sovereign,Olympic delegation does not correspond to an independent sovereign-state geometry in the adopted CShapes choropleth.,0.0,0.0,0.0,0.0,457,149,0.0,0.0,participated,
1952,Helsinki,ROU,Romania,360,mapped,,1.0,1.0,2.0,4.0,457,149,0.0087527352297593,0.006711409395973154,participated,
1952,Helsinki,RSA,South Africa,560,mapped,,2.0,4.0,4.0,10.0,457,149,0.02188183807439825,0.013422818791946308,participated,
1952,Helsinki,SAA,Saar,,excluded_non_sovereign,Olympic delegation does not correspond to an independent sovereign-state geometry in the adopted CShapes choropleth.,0.0,0.0,0.0,0.0,457,149,0.0,0.0,participated,
1952,Helsinki,SGP,Singapore,830,mapped,,0.0,0.0,0.0,0.0,457,149,0.0,0.0,participated,
1952,Helsinki,SRI,Sri Lanka,780,mapped,,0.0,0.0,0.0,0.0,457,149,0.0,0.0,participated,
1952,Helsinki,SUI,Switzerland,225,mapped,,2.0,6.0,6.0,14.0,457,149,0.030634573304157548,0.013422818791946308,participated,
1952,Helsinki,SWE,Sweden,380,mapped,,12.0,13.0,10.0,35.0,457,149,0.07658643326039387,0.08053691275167785,participated,
1952,Helsinki,TCH,Czechoslovakia,315,mapped,,7.0,3.0,3.0,13.0,457,149,0.028446389496717725,0.04697986577181208,participated,
1952,Helsinki,THA,Thailand,800,mapped,,0.0,0.0,0.0,0.0,457,149,0.0,0.0,participated,
1952,Helsinki,TTO,Trinidad and Tobago,52,mapped,,0.0,0.0,2.0,2.0,457,149,0.00437636761487965,0.0,participated,
1952,Helsinki,TUR,Turkey,640,mapped,,2.0,0.0,1.0,3.0,457,149,0.006564551422319475,0.013422818791946308,participated,
1952,Helsinki,URS,Soviet Union,365,mapped,,22.0,29.0,19.0,70.0,457,149,0.15317286652078774,0.1476510067114094,participated,
1952,Helsinki,URU,Uruguay,165,mapped,,0.0,0.0,2.0,2.0,457,149,0.00437636761487965,0.0,participated,
1952,Helsinki,USA,United States,2,mapped,,40.0,19.0,17.0,76.0,457,149,0.16630196936542668,0.2684563758389262,participated,
1952,Helsinki,VEN,Venezuela,101,mapped,,0.0,0.0,1.0,1.0,457,149,0.002188183807439825,0.0,participated,
1952,Helsinki,VNM,South Vietnam,,excluded_no_cshapes_geometry,South Vietnam has no corresponding sovereign CShapes/Gleditsch-Ward geometry in the 1952 snapshot.,0.0,0.0,0.0,0.0,457,149,0.0,0.0,participated,
1952,Helsinki,YUG,Yugoslavia,345,mapped,,1.0,2.0,0.0,3.0,457,149,0.006564551422319475,0.006711409395973154,participated,
1956,Melbourne,AFG,Afghanistan,700,mapped,,0.0,0.0,0.0,0.0,467,153,0.0,0.0,participated,
1956,Melbourne / Stockholm,ARG,Argentina,160,mapped,,0.0,1.0,1.0,2.0,467,153,0.004282655246252677,0.0,participated,
1956,Melbourne / Stockholm,AUS,Australia,900,mapped,,13.0,8.0,14.0,35.0,467,153,0.07494646680942184,0.08496732026143791,participated,
1956,Melbourne / Stockholm,AUT,Austria,305,mapped,,0.0,0.0,2.0,2.0,467,153,0.004282655246252677,0.0,participated,
1956,Melbourne,BAH,Bahamas,31,mapped,,0.0,0.0,1.0,1.0,467,153,0.0021413276231263384,0.0,participated,
1956,Melbourne / Stockholm,BEL,Belgium,211,mapped,,0.0,2.0,0.0,2.0,467,153,0.004282655246252677,0.0,participated,
1956,Melbourne,BER,Bermuda,,excluded_non_sovereign,Olympic delegation does not correspond to an independent sovereign-state geometry in the adopted CShapes choropleth.,0.0,0.0,0.0,0.0,467,153,0.0,0.0,participated,
1956,Melbourne / Stockholm,BRA,Brazil,140,mapped,,1.0,0.0,0.0,1.0,467,153,0.0021413276231263384,0.006535947712418301,participated,
1956,Melbourne / Stockholm,BUL,Bulgaria,355,mapped,,1.0,3.0,1.0,5.0,467,153,0.010706638115631691,0.006535947712418301,participated,
1956,Stockholm,CAM,Cambodia,811,mapped,,0.0,0.0,0.0,0.0,467,153,0.0,0.0,participated,
1956,Melbourne / Stockholm,CAN,Canada,20,mapped,,2.0,1.0,3.0,6.0,467,153,0.01284796573875803,0.013071895424836602,participated,
1956,Melbourne,CHI,Chile,155,mapped,,0.0,2.0,2.0,4.0,467,153,0.008565310492505354,0.0,participated,
1956,Melbourne,COL,Colombia,100,mapped,,0.0,0.0,0.0,0.0,467,153,0.0,0.0,participated,
1956,Melbourne,CUB,Cuba,40,mapped,,0.0,0.0,0.0,0.0,467,153,0.0,0.0,participated,
1956,Stockholm / Melbourne,DEN,Denmark,390,mapped,,1.0,2.0,1.0,4.0,467,153,0.008565310492505354,0.006535947712418301,participated,
1956,Stockholm,EGY,Egypt,651,mapped,,0.0,0.0,0.0,0.0,467,153,0.0,0.0,participated,
1956,Stockholm,ESP,Spain,230,mapped,,0.0,0.0,0.0,0.0,467,153,0.0,0.0,participated,
1956,Melbourne,ETH,Ethiopia,530,mapped,,0.0,0.0,0.0,0.0,467,153,0.0,0.0,participated,
1956,Melbourne,FIJ,Fiji,950,mapped,,0.0,0.0,0.0,0.0,467,153,0.0,0.0,participated,
1956,Stockholm / Melbourne,FIN,Finland,375,mapped,,3.0,1.0,11.0,15.0,467,153,0.032119914346895075,0.0196078431372549,participated,
1956,Melbourne / Stockholm,FRA,France,220,mapped,,4.0,4.0,6.0,14.0,467,153,0.029978586723768737,0.026143790849673203,participated,
1956,Melbourne / Stockholm,GBR,Great Britain,200,mapped,,6.0,7.0,11.0,24.0,467,153,0.05139186295503212,0.0392156862745098,participated,
1956,Melbourne / Stockholm,GER,United Team of Germany,260;265,mapped,,6.0,13.0,7.0,26.0,467,153,0.055674518201284794,0.0392156862745098,participated,
1956,Melbourne,GRE,Greece,350,mapped,,0.0,0.0,1.0,1.0,467,153,0.0021413276231263384,0.0,participated,
1956,Melbourne,GUY,Guyana,110,mapped,,0.0,0.0,0.0,0.0,467,153,0.0,0.0,participated,
1956,Melbourne,HKG,Hong Kong,,excluded_non_sovereign,Olympic delegation does not correspond to an independent sovereign-state geometry in the adopted CShapes choropleth.,0.0,0.0,0.0,0.0,467,153,0.0,0.0,participated,
1956,Melbourne / Stockholm,HUN,Hungary,310,mapped,,9.0,10.0,7.0,26.0,467,153,0.055674518201284794,0.058823529411764705,participated,
1956,Melbourne,INA,Indonesia,850,mapped,,0.0,0.0,0.0,0.0,467,153,0.0,0.0,participated,
1956,Melbourne,IND,India,750,mapped,,1.0,0.0,0.0,1.0,467,153,0.0021413276231263384,0.006535947712418301,participated,
1956,Melbourne,IRI,Iran,630,mapped,,2.0,2.0,1.0,5.0,467,153,0.010706638115631691,0.013071895424836602,participated,
1956,Stockholm / Melbourne,IRL,Ireland,205,mapped,,1.0,1.0,3.0,5.0,467,153,0.010706638115631691,0.006535947712418301,participated,
1956,Melbourne,ISL,Iceland,395,mapped,,0.0,1.0,0.0,1.0,467,153,0.0021413276231263384,0.0,participated,
1956,Melbourne,ISR,Israel,666,mapped,,0.0,0.0,0.0,0.0,467,153,0.0,0.0,participated,
1956,Melbourne / Stockholm,ITA,Italy,325,mapped,,8.0,8.0,9.0,25.0,467,153,0.05353319057815846,0.05228758169934641,participated,
1956,Melbourne,JAM,Jamaica,51,mapped,,0.0,0.0,0.0,0.0,467,153,0.0,0.0,participated,
1956,Melbourne / Stockholm,JPN,Japan,740,mapped,,4.0,10.0,3.0,17.0,467,153,0.03640256959314775,0.026143790849673203,participated,
1956,Melbourne,KEN,Kenya,501,mapped,,0.0,0.0,0.0,0.0,467,153,0.0,0.0,participated,
1956,Melbourne,KOR,South Korea,732,mapped,,0.0,1.0,1.0,2.0,467,153,0.004282655246252677,0.0,participated,
1956,Melbourne,LBR,Liberia,450,mapped,,0.0,0.0,0.0,0.0,467,153,0.0,0.0,participated,
1956,Melbourne,LUX,Luxembourg,212,mapped,,0.0,0.0,0.0,0.0,467,153,0.0,0.0,participated,
1956,Melbourne,MAL,Malaya,820,mapped,,0.0,0.0,0.0,0.0,467,153,0.0,0.0,participated,
1956,Melbourne,MEX,Mexico,70,mapped,,1.0,0.0,1.0,2.0,467,153,0.004282655246252677,0.006535947712418301,participated,
1956,Melbourne,MYA,Myanmar,775,mapped,,0.0,0.0,0.0,0.0,467,153,0.0,0.0,participated,
1956,Melbourne,NBO,North Borneo,,excluded_non_sovereign,Olympic delegation does not correspond to an independent sovereign-state geometry in the adopted CShapes choropleth.,0.0,0.0,0.0,0.0,467,153,0.0,0.0,participated,
1956,Stockholm,NED,Netherlands,210,mapped,,0.0,0.0,0.0,0.0,467,153,0.0,0.0,participated,
1956,Melbourne,NGR,Nigeria,475,mapped,,0.0,0.0,0.0,0.0,467,153,0.0,0.0,participated,
1956,Melbourne / Stockholm,NOR,Norway,385,mapped,,1.0,0.0,2.0,3.0,467,153,0.006423982869379015,0.006535947712418301,participated,
1956,Melbourne,NZL,New Zealand,920,mapped,,2.0,0.0,0.0,2.0,467,153,0.004282655246252677,0.013071895424836602,participated,
1956,Melbourne,PAK,Pakistan,770,mapped,,0.0,1.0,0.0,1.0,467,153,0.0021413276231263384,0.0,participated,
1956,Melbourne,PER,Peru,135,mapped,,0.0,0.0,0.0,0.0,467,153,0.0,0.0,participated,
1956,Melbourne,PHI,Philippines,840,mapped,,0.0,0.0,0.0,0.0,467,153,0.0,0.0,participated,
1956,Melbourne,POL,Poland,290,mapped,,1.0,4.0,4.0,9.0,467,153,0.019271948608137045,0.006535947712418301,participated,
1956,Stockholm / Melbourne,POR,Portugal,235,mapped,,0.0,0.0,0.0,0.0,467,153,0.0,0.0,participated,
1956,Melbourne,PUR,Puerto Rico,,excluded_non_sovereign,Olympic delegation does not correspond to an independent sovereign-state geometry in the adopted CShapes choropleth.,0.0,0.0,0.0,0.0,467,153,0.0,0.0,participated,
1956,Melbourne / Stockholm,ROU,Romania,360,mapped,,5.0,3.0,5.0,13.0,467,153,0.027837259100642397,0.032679738562091505,participated,
1956,Melbourne,RSA,South Africa,560,mapped,,0.0,0.0,4.0,4.0,467,153,0.008565310492505354,0.0,participated,
1956,Melbourne,SGP,Singapore,830,mapped,,0.0,0.0,0.0,0.0,467,153,0.0,0.0,participated,
1956,Melbourne,SRI,Sri Lanka,780,mapped,,0.0,0.0,0.0,0.0,467,153,0.0,0.0,participated,
1956,Stockholm,SUI,Switzerland,225,mapped,,0.0,0.0,1.0,1.0,467,153,0.0021413276231263384,0.0,participated,
1956,Melbourne / Stockholm,SWE,Sweden,380,mapped,,8.0,5.0,6.0,19.0,467,153,0.04068522483940043,0.05228758169934641,participated,
1956,Melbourne,TCH,Czechoslovakia,315,mapped,,1.0,4.0,1.0,6.0,467,153,0.01284796573875803,0.006535947712418301,participated,
1956,Melbourne,THA,Thailand,800,mapped,,0.0,0.0,0.0,0.0,467,153,0.0,0.0,participated,
1956,Melbourne,TPE,Chinese Taipei,713,mapped,,0.0,0.0,0.0,0.0,467,153,0.0,0.0,participated,
1956,Melbourne,TTO,Trinidad and Tobago,52,mapped,,0.0,0.0,0.0,0.0,467,153,0.0,0.0,participated,
1956,Melbourne / Stockholm,TUR,Turkey,640,mapped,,3.0,2.0,2.0,7.0,467,153,0.014989293361884369,0.0196078431372549,participated,
1956,Melbourne,UGA,Uganda,500,mapped,,0.0,0.0,0.0,0.0,467,153,0.0,0.0,participated,
1956,Melbourne / Stockholm,URS,Soviet Union,365,mapped,,37.0,29.0,32.0,98.0,467,153,0.20985010706638116,0.24183006535947713,participated,
1956,Melbourne,URU,Uruguay,165,mapped,,0.0,0.0,1.0,1.0,467,153,0.0021413276231263384,0.0,participated,
1956,Melbourne / Stockholm,USA,United States,2,mapped,,32.0,25.0,17.0,74.0,467,153,0.15845824411134904,0.20915032679738563,participated,
1956,Melbourne / Stockholm,VEN,Venezuela,101,mapped,,0.0,0.0,0.0,0.0,467,153,0.0,0.0,participated,
1956,Melbourne,VNM,South Vietnam,817,mapped,,0.0,0.0,0.0,0.0,467,153,0.0,0.0,participated,
1956,Melbourne,YUG,Yugoslavia,345,mapped,,0.0,3.0,0.0,3.0,467,153,0.006423982869379015,0.0,participated,
1960,Roma,AFG,Afghanistan,700,mapped,,0.0,0.0,0.0,0.0,461,152,0.0,0.0,participated,
1960,Roma,AHO,Netherlands Antilles,,excluded_non_sovereign,Olympic delegation does not correspond to an independent sovereign-state geometry in the adopted CShapes choropleth.,0.0,0.0,0.0,0.0,461,152,0.0,0.0,participated,
1960,Roma,ARG,Argentina,160,mapped,,0.0,1.0,1.0,2.0,461,152,0.004338394793926247,0.0,participated,
1960,Roma,AUS,Australia,900,mapped,,8.0,8.0,6.0,22.0,461,152,0.04772234273318872,0.05263157894736842,participated,
1960,Roma,AUT,Austria,305,mapped,,1.0,1.0,0.0,2.0,461,152,0.004338394793926247,0.006578947368421052,participated,
1960,Roma,BAH,Bahamas,31,mapped,,0.0,0.0,0.0,0.0,461,152,0.0,0.0,participated,
1960,Roma,BEL,Belgium,211,mapped,,0.0,2.0,2.0,4.0,461,152,0.008676789587852495,0.0,participated,
1960,Roma,BER,Bermuda,,excluded_non_sovereign,Olympic delegation does not correspond to an independent sovereign-state geometry in the adopted CShapes choropleth.,0.0,0.0,0.0,0.0,461,152,0.0,0.0,participated,
1960,Roma,BRA,Brazil,140,mapped,,0.0,0.0,2.0,2.0,461,152,0.004338394793926247,0.0,participated,
1960,Roma,BUL,Bulgaria,355,mapped,,1.0,3.0,3.0,7.0,461,152,0.015184381778741865,0.006578947368421052,participated,
1960,Roma,CAN,Canada,20,mapped,,0.0,1.0,0.0,1.0,461,152,0.0021691973969631237,0.0,participated,
1960,Roma,CHI,Chile,155,mapped,,0.0,0.0,0.0,0.0,461,152,0.0,0.0,participated,
1960,Roma,COL,Colombia,100,mapped,,0.0,0.0,0.0,0.0,461,152,0.0,0.0,participated,
1960,Roma,CUB,Cuba,40,mapped,,0.0,0.0,0.0,0.0,461,152,0.0,0.0,participated,
1960,Roma,DEN,Denmark,390,mapped,,2.0,3.0,1.0,6.0,461,152,0.013015184381778741,0.013157894736842105,participated,
1960,Roma,ESP,Spain,230,mapped,,0.0,0.0,1.0,1.0,461,152,0.0021691973969631237,0.0,participated,
1960,Roma,ETH,Ethiopia,530,mapped,,1.0,0.0,0.0,1.0,461,152,0.0021691973969631237,0.006578947368421052,participated,
1960,Roma,FIJ,Fiji,950,mapped,,0.0,0.0,0.0,0.0,461,152,0.0,0.0,participated,
1960,Roma,FIN,Finland,375,mapped,,1.0,1.0,3.0,5.0,461,152,0.010845986984815618,0.006578947368421052,participated,
1960,Roma,FRA,France,220,mapped,,0.0,2.0,3.0,5.0,461,152,0.010845986984815618,0.0,participated,
1960,Roma,GBR,Great Britain,200,mapped,,2.0,6.0,12.0,20.0,461,152,0.04338394793926247,0.013157894736842105,participated,
1960,Roma,GER,United Team of Germany,260;265,mapped,,12.0,19.0,11.0,42.0,461,152,0.0911062906724512,0.07894736842105263,participated,
1960,Roma,GHA,Ghana,452,mapped,,0.0,1.0,0.0,1.0,461,152,0.0021691973969631237,0.0,participated,
1960,Roma,GRE,Greece,350,mapped,,1.0,0.0,0.0,1.0,461,152,0.0021691973969631237,0.006578947368421052,participated,
1960,Roma,GUY,Guyana,110,mapped,,0.0,0.0,0.0,0.0,461,152,0.0,0.0,participated,
1960,Roma,HAI,Haiti,41,mapped,,0.0,0.0,0.0,0.0,461,152,0.0,0.0,participated,
1960,Roma,HKG,Hong Kong,,excluded_non_sovereign,Olympic delegation does not correspond to an independent sovereign-state geometry in the adopted CShapes choropleth.,0.0,0.0,0.0,0.0,461,152,0.0,0.0,participated,
1960,Roma,HUN,Hungary,310,mapped,,6.0,8.0,7.0,21.0,461,152,0.0455531453362256,0.039473684210526314,participated,
1960,Roma,INA,Indonesia,850,mapped,,0.0,0.0,0.0,0.0,461,152,0.0,0.0,participated,
1960,Roma,IND,India,750,mapped,,0.0,1.0,0.0,1.0,461,152,0.0021691973969631237,0.0,participated,
1960,Roma,IRI,Iran,630,mapped,,0.0,1.0,3.0,4.0,461,152,0.008676789587852495,0.0,participated,
1960,Roma,IRL,Ireland,205,mapped,,0.0,0.0,0.0,0.0,461,152,0.0,0.0,participated,
1960,Roma,IRQ,Iraq,645,mapped,,0.0,0.0,1.0,1.0,461,152,0.0021691973969631237,0.0,participated,
1960,Roma,ISL,Iceland,395,mapped,,0.0,0.0,0.0,0.0,461,152,0.0,0.0,participated,
1960,Roma,ISR,Israel,666,mapped,,0.0,0.0,0.0,0.0,461,152,0.0,0.0,participated,
1960,Roma,ITA,Italy,325,mapped,,13.0,10.0,13.0,36.0,461,152,0.07809110629067245,0.08552631578947369,participated,
1960,Roma,JPN,Japan,740,mapped,,4.0,7.0,7.0,18.0,461,152,0.039045553145336226,0.02631578947368421,participated,
1960,Roma,KEN,Kenya,501,mapped,,0.0,0.0,0.0,0.0,461,152,0.0,0.0,participated,
1960,Roma,KOR,South Korea,732,mapped,,0.0,0.0,0.0,0.0,461,152,0.0,0.0,participated,
1960,Roma,LBR,Liberia,450,mapped,,0.0,0.0,0.0,0.0,461,152,0.0,0.0,participated,
1960,Roma,LIB,Lebanon,660,mapped,,0.0,0.0,0.0,0.0,461,152,0.0,0.0,participated,
1960,Roma,LIE,Liechtenstein,,excluded_no_cshapes_geometry,No corresponding geometry is available in the adopted CShapes/Gleditsch-Ward sovereign-state basemap for this Olympic scope.,0.0,0.0,0.0,0.0,461,152,0.0,0.0,participated,
1960,Roma,LUX,Luxembourg,212,mapped,,0.0,0.0,0.0,0.0,461,152,0.0,0.0,participated,
1960,Roma,MAL,Malaya,820,mapped,,0.0,0.0,0.0,0.0,461,152,0.0,0.0,participated,
1960,Roma,MAR,Morocco,600,mapped,,0.0,1.0,0.0,1.0,461,152,0.0021691973969631237,0.0,participated,
1960,Roma,MEX,Mexico,70,mapped,,0.0,0.0,1.0,1.0,461,152,0.0021691973969631237,0.0,participated,
1960,Roma,MLT,Malta,338,mapped,,0.0,0.0,0.0,0.0,461,152,0.0,0.0,participated,
1960,Roma,MON,Monaco,,excluded_no_cshapes_geometry,No corresponding geometry is available in the adopted CShapes/Gleditsch-Ward sovereign-state basemap for this Olympic scope.,0.0,0.0,0.0,0.0,461,152,0.0,0.0,participated,
1960,Roma,MYA,Myanmar,775,mapped,,0.0,0.0,0.0,0.0,461,152,0.0,0.0,participated,
1960,Roma,NED,Netherlands,210,mapped,,0.0,1.0,2.0,3.0,461,152,0.006507592190889371,0.0,participated,
1960,Roma,NGR,Nigeria,475,mapped,,0.0,0.0,0.0,0.0,461,152,0.0,0.0,participated,
1960,Roma,NOR,Norway,385,mapped,,1.0,0.0,0.0,1.0,461,152,0.0021691973969631237,0.006578947368421052,participated,
1960,Roma,NZL,New Zealand,920,mapped,,2.0,0.0,1.0,3.0,461,152,0.006507592190889371,0.013157894736842105,participated,
1960,Roma,PAK,Pakistan,770,mapped,,1.0,0.0,1.0,2.0,461,152,0.004338394793926247,0.006578947368421052,participated,
1960,Roma,PAN,Panama,95,mapped,,0.0,0.0,0.0,0.0,461,152,0.0,0.0,participated,
1960,Roma,PER,Peru,135,mapped,,0.0,0.0,0.0,0.0,461,152,0.0,0.0,participated,
1960,Roma,PHI,Philippines,840,mapped,,0.0,0.0,0.0,0.0,461,152,0.0,0.0,participated,
1960,Roma,POL,Poland,290,mapped,,4.0,6.0,11.0,21.0,461,152,0.0455531453362256,0.02631578947368421,participated,
1960,Roma,POR,Portugal,235,mapped,,0.0,1.0,0.0,1.0,461,152,0.0021691973969631237,0.0,participated,
1960,Roma,PUR,Puerto Rico,,excluded_non_sovereign,Olympic delegation does not correspond to an independent sovereign-state geometry in the adopted CShapes choropleth.,0.0,0.0,0.0,0.0,461,152,0.0,0.0,participated,
1960,Roma,RHO,Rhodesia,,excluded_no_cshapes_geometry,The 1960 Rhodesian Olympic delegation has no corresponding sovereign geometry in the adopted CShapes snapshot.,0.0,0.0,0.0,0.0,461,152,0.0,0.0,participated,
1960,Roma,ROU,Romania,360,mapped,,3.0,1.0,6.0,10.0,461,152,0.021691973969631236,0.019736842105263157,participated,
1960,Roma,RSA,South Africa,560,mapped,,0.0,1.0,2.0,3.0,461,152,0.006507592190889371,0.0,participated,
1960,Roma,SGP,Singapore,830,mapped,,0.0,1.0,0.0,1.0,461,152,0.0021691973969631237,0.0,participated,
1960,Roma,SMR,San Marino,,excluded_no_cshapes_geometry,No corresponding geometry is available in the adopted CShapes/Gleditsch-Ward sovereign-state basemap for this Olympic scope.,0.0,0.0,0.0,0.0,461,152,0.0,0.0,participated,
1960,Roma,SRI,Sri Lanka,780,mapped,,0.0,0.0,0.0,0.0,461,152,0.0,0.0,participated,
1960,Roma,SUD,Sudan,625,mapped,,0.0,0.0,0.0,0.0,461,152,0.0,0.0,participated,
1960,Roma,SUI,Switzerland,225,mapped,,0.0,3.0,3.0,6.0,461,152,0.013015184381778741,0.0,participated,
1960,Roma,SWE,Sweden,380,mapped,,1.0,2.0,3.0,6.0,461,152,0.013015184381778741,0.006578947368421052,participated,
1960,Roma,TCH,Czechoslovakia,315,mapped,,3.0,2.0,3.0,8.0,461,152,0.01735357917570499,0.019736842105263157,participated,
1960,Roma,THA,Thailand,800,mapped,,0.0,0.0,0.0,0.0,461,152,0.0,0.0,participated,
1960,Roma,TPE,Chinese Taipei,713,mapped,,0.0,1.0,0.0,1.0,461,152,0.0021691973969631237,0.0,participated,
1960,Roma,TUN,Tunisia,616,mapped,,0.0,0.0,0.0,0.0,461,152,0.0,0.0,participated,
1960,Roma,TUR,Turkey,640,mapped,,7.0,2.0,0.0,9.0,461,152,0.019522776572668113,0.046052631578947366,participated,
1960,Roma,UAR,United Arab Republic,651;652,mapped,,0.0,1.0,1.0,2.0,461,152,0.004338394793926247,0.0,participated,
1960,Roma,UGA,Uganda,500,mapped,,0.0,0.0,0.0,0.0,461,152,0.0,0.0,participated,
1960,Roma,URS,Soviet Union,365,mapped,,43.0,29.0,31.0,103.0,461,152,0.22342733188720174,0.28289473684210525,participated,
1960,Roma,URU,Uruguay,165,mapped,,0.0,0.0,0.0,0.0,461,152,0.0,0.0,participated,
1960,Roma,USA,United States,2,mapped,,34.0,21.0,16.0,71.0,461,152,0.1540130151843818,0.2236842105263158,participated,
1960,Roma,VEN,Venezuela,101,mapped,,0.0,0.0,1.0,1.0,461,152,0.0021691973969631237,0.0,participated,
1960,Roma,VNM,South Vietnam,817,mapped,,0.0,0.0,0.0,0.0,461,152,0.0,0.0,participated,
1960,Roma,WIF,West Indies Federation,,excluded_composite_delegation,Composite Olympic delegation is not represented as a single sovereign CShapes state.,0.0,0.0,2.0,2.0,461,152,0.004338394793926247,0.0,participated,
1960,Roma,YUG,Yugoslavia,345,mapped,,1.0,1.0,0.0,2.0,461,152,0.004338394793926247,0.006578947368421052,participated,
1960,Roma,ZIM,Rhodesia,,excluded_no_cshapes_geometry,The 1960 Rhodesian/Zimbabwe entry has no corresponding sovereign geometry in the adopted CShapes snapshot.,0.0,0.0,0.0,0.0,461,152,0.0,0.0,participated,
1964,Tokyo,AFG,Afghanistan,700,mapped,,0.0,0.0,0.0,0.0,501,163,0.0,0.0,participated,
1964,Tokyo,AHO,Netherlands Antilles,,excluded_non_sovereign,Olympic delegation does not correspond to an independent sovereign-state geometry in the adopted CShapes choropleth.,0.0,0.0,0.0,0.0,501,163,0.0,0.0,participated,
1964,Tokyo,ALG,Algeria,615,mapped,,0.0,0.0,0.0,0.0,501,163,0.0,0.0,participated,
1964,Tokyo,ARG,Argentina,160,mapped,,0.0,1.0,0.0,1.0,501,163,0.001996007984031936,0.0,participated,
1964,Tokyo,AUS,Australia,900,mapped,,6.0,2.0,10.0,18.0,501,163,0.03592814371257485,0.03680981595092025,participated,
1964,Tokyo,AUT,Austria,305,mapped,,0.0,0.0,0.0,0.0,501,163,0.0,0.0,participated,
1964,Tokyo,BAH,Bahamas,31,mapped,,1.0,0.0,0.0,1.0,501,163,0.001996007984031936,0.006134969325153374,participated,
1964,Tokyo,BEL,Belgium,211,mapped,,2.0,0.0,1.0,3.0,501,163,0.005988023952095809,0.012269938650306749,participated,
1964,Tokyo,BER,Bermuda,,excluded_non_sovereign,Olympic delegation does not correspond to an independent sovereign-state geometry in the adopted CShapes choropleth.,0.0,0.0,0.0,0.0,501,163,0.0,0.0,participated,
1964,Tokyo,BOL,Bolivia,145,mapped,,0.0,0.0,0.0,0.0,501,163,0.0,0.0,participated,
1964,Tokyo,BRA,Brazil,140,mapped,,0.0,0.0,1.0,1.0,501,163,0.001996007984031936,0.0,participated,
1964,Tokyo,BUL,Bulgaria,355,mapped,,3.0,5.0,2.0,10.0,501,163,0.01996007984031936,0.018404907975460124,participated,
1964,Tokyo,CAM,Cambodia,811,mapped,,0.0,0.0,0.0,0.0,501,163,0.0,0.0,participated,
1964,Tokyo,CAN,Canada,20,mapped,,1.0,2.0,1.0,4.0,501,163,0.007984031936127744,0.006134969325153374,participated,
1964,Tokyo,CGO,Congo (Brazzaville),484,mapped,,0.0,0.0,0.0,0.0,501,163,0.0,0.0,participated,
1964,Tokyo,CHA,Chad,483,mapped,,0.0,0.0,0.0,0.0,501,163,0.0,0.0,participated,
1964,Tokyo,CHI,Chile,155,mapped,,0.0,0.0,0.0,0.0,501,163,0.0,0.0,participated,
1964,Tokyo,CIV,Cote d'Ivoire,437,mapped,,0.0,0.0,0.0,0.0,501,163,0.0,0.0,participated,
1964,Tokyo,CMR,Cameroon,471,mapped,,0.0,0.0,0.0,0.0,501,163,0.0,0.0,participated,
1964,Tokyo,COL,Colombia,100,mapped,,0.0,0.0,0.0,0.0,501,163,0.0,0.0,participated,
1964,Tokyo,CRC,Costa Rica,94,mapped,,0.0,0.0,0.0,0.0,501,163,0.0,0.0,participated,
1964,Tokyo,CUB,Cuba,40,mapped,,0.0,1.0,0.0,1.0,501,163,0.001996007984031936,0.0,participated,
1964,Tokyo,DEN,Denmark,390,mapped,,2.0,1.0,3.0,6.0,501,163,0.011976047904191617,0.012269938650306749,participated,
1964,Tokyo,DOM,Dominican Republic,42,mapped,,0.0,0.0,0.0,0.0,501,163,0.0,0.0,participated,
1964,Tokyo,EGY,Egypt,651,mapped,,0.0,0.0,0.0,0.0,501,163,0.0,0.0,participated,
1964,Tokyo,ESP,Spain,230,mapped,,0.0,0.0,0.0,0.0,501,163,0.0,0.0,participated,
1964,Tokyo,ETH,Ethiopia,530,mapped,,1.0,0.0,0.0,1.0,501,163,0.001996007984031936,0.006134969325153374,participated,
1964,Tokyo,FIN,Finland,375,mapped,,3.0,0.0,2.0,5.0,501,163,0.00998003992015968,0.018404907975460124,participated,
1964,Tokyo,FRA,France,220,mapped,,1.0,8.0,6.0,15.0,501,163,0.029940119760479042,0.006134969325153374,participated,
1964,Tokyo,GBR,Great Britain,200,mapped,,4.0,12.0,2.0,18.0,501,163,0.03592814371257485,0.024539877300613498,participated,
1964,Tokyo,GER,United Team of Germany,260;265,mapped,,10.0,22.0,18.0,50.0,501,163,0.0998003992015968,0.06134969325153374,participated,
1964,Tokyo,GHA,Ghana,452,mapped,,0.0,0.0,1.0,1.0,501,163,0.001996007984031936,0.0,participated,
1964,Tokyo,GRE,Greece,350,mapped,,0.0,0.0,0.0,0.0,501,163,0.0,0.0,participated,
1964,Tokyo,GUY,Guyana,110,mapped,,0.0,0.0,0.0,0.0,501,163,0.0,0.0,participated,
1964,Tokyo,HKG,Hong Kong,,excluded_non_sovereign,Olympic delegation does not correspond to an independent sovereign-state geometry in the adopted CShapes choropleth.,0.0,0.0,0.0,0.0,501,163,0.0,0.0,participated,
1964,Tokyo,HUN,Hungary,310,mapped,,10.0,7.0,5.0,22.0,501,163,0.043912175648702596,0.06134969325153374,participated,
1964,Tokyo,IND,India,750,mapped,,1.0,0.0,0.0,1.0,501,163,0.001996007984031936,0.006134969325153374,participated,
1964,Tokyo,IRI,Iran,630,mapped,,0.0,0.0,2.0,2.0,501,163,0.003992015968063872,0.0,participated,
1964,Tokyo,IRL,Ireland,205,mapped,,0.0,0.0,1.0,1.0,501,163,0.001996007984031936,0.0,participated,
1964,Tokyo,IRQ,Iraq,645,mapped,,0.0,0.0,0.0,0.0,501,163,0.0,0.0,participated,
1964,Tokyo,ISL,Iceland,395,mapped,,0.0,0.0,0.0,0.0,501,163,0.0,0.0,participated,
1964,Tokyo,ISR,Israel,666,mapped,,0.0,0.0,0.0,0.0,501,163,0.0,0.0,participated,
1964,Tokyo,ITA,Italy,325,mapped,,10.0,10.0,7.0,27.0,501,163,0.05389221556886228,0.06134969325153374,participated,
1964,Tokyo,JAM,Jamaica,51,mapped,,0.0,0.0,0.0,0.0,501,163,0.0,0.0,participated,
1964,Tokyo,JPN,Japan,740,mapped,,16.0,5.0,8.0,29.0,501,163,0.05788423153692615,0.09815950920245399,participated,
1964,Tokyo,KEN,Kenya,501,mapped,,0.0,0.0,1.0,1.0,501,163,0.001996007984031936,0.0,participated,
1964,Tokyo,KOR,South Korea,732,mapped,,0.0,2.0,1.0,3.0,501,163,0.005988023952095809,0.0,participated,
1964,Tokyo,LBR,Liberia,450,mapped,,0.0,0.0,0.0,0.0,501,163,0.0,0.0,participated,
1964,Tokyo,LIB,Lebanon,660,mapped,,0.0,0.0,0.0,0.0,501,163,0.0,0.0,participated,
1964,Tokyo,LIE,Liechtenstein,,excluded_no_cshapes_geometry,No corresponding geometry is available in the adopted CShapes/Gleditsch-Ward sovereign-state basemap for this Olympic scope.,0.0,0.0,0.0,0.0,501,163,0.0,0.0,participated,
1964,Tokyo,LUX,Luxembourg,212,mapped,,0.0,0.0,0.0,0.0,501,163,0.0,0.0,participated,
1964,Tokyo,MAD,Madagascar,580,mapped,,0.0,0.0,0.0,0.0,501,163,0.0,0.0,participated,
1964,Tokyo,MAR,Morocco,600,mapped,,0.0,0.0,0.0,0.0,501,163,0.0,0.0,participated,
1964,Tokyo,MAS,Malaysia,820,mapped,,0.0,0.0,0.0,0.0,501,163,0.0,0.0,participated,
1964,Tokyo,MEX,Mexico,70,mapped,,0.0,0.0,1.0,1.0,501,163,0.001996007984031936,0.0,participated,
1964,Tokyo,MGL,Mongolia,712,mapped,,0.0,0.0,0.0,0.0,501,163,0.0,0.0,participated,
1964,Tokyo,MLI,Mali,432,mapped,,0.0,0.0,0.0,0.0,501,163,0.0,0.0,participated,
1964,Tokyo,MON,Monaco,,excluded_no_cshapes_geometry,No corresponding geometry is available in the adopted CShapes/Gleditsch-Ward sovereign-state basemap for this Olympic scope.,0.0,0.0,0.0,0.0,501,163,0.0,0.0,participated,
1964,Tokyo,MYA,Myanmar,775,mapped,,0.0,0.0,0.0,0.0,501,163,0.0,0.0,participated,
1964,Tokyo,NED,Netherlands,210,mapped,,2.0,4.0,4.0,10.0,501,163,0.01996007984031936,0.012269938650306749,participated,
1964,Tokyo,NEP,Nepal,790,mapped,,0.0,0.0,0.0,0.0,501,163,0.0,0.0,participated,
1964,Tokyo,NGR,Nigeria,475,mapped,,0.0,0.0,1.0,1.0,501,163,0.001996007984031936,0.0,participated,
1964,Tokyo,NIG,Niger,436,mapped,,0.0,0.0,0.0,0.0,501,163,0.0,0.0,participated,
1964,Tokyo,NOR,Norway,385,mapped,,0.0,0.0,0.0,0.0,501,163,0.0,0.0,participated,
1964,Tokyo,NZL,New Zealand,920,mapped,,3.0,0.0,2.0,5.0,501,163,0.00998003992015968,0.018404907975460124,participated,
1964,Tokyo,PAK,Pakistan,770,mapped,,0.0,1.0,0.0,1.0,501,163,0.001996007984031936,0.0,participated,
1964,Tokyo,PAN,Panama,95,mapped,,0.0,0.0,0.0,0.0,501,163,0.0,0.0,participated,
1964,Tokyo,PER,Peru,135,mapped,,0.0,0.0,0.0,0.0,501,163,0.0,0.0,participated,
1964,Tokyo,PHI,Philippines,840,mapped,,0.0,1.0,0.0,1.0,501,163,0.001996007984031936,0.0,participated,
1964,Tokyo,POL,Poland,290,mapped,,7.0,6.0,10.0,23.0,501,163,0.04590818363273453,0.04294478527607362,participated,
1964,Tokyo,POR,Portugal,235,mapped,,0.0,0.0,0.0,0.0,501,163,0.0,0.0,participated,
1964,Tokyo,PUR,Puerto Rico,,excluded_non_sovereign,Olympic delegation does not correspond to an independent sovereign-state geometry in the adopted CShapes choropleth.,0.0,0.0,0.0,0.0,501,163,0.0,0.0,participated,
1964,Tokyo,ROU,Romania,360,mapped,,2.0,4.0,6.0,12.0,501,163,0.023952095808383235,0.012269938650306749,participated,
1964,Tokyo,SEN,Senegal,433,mapped,,0.0,0.0,0.0,0.0,501,163,0.0,0.0,participated,
1964,Tokyo,SRI,Sri Lanka,780,mapped,,0.0,0.0,0.0,0.0,501,163,0.0,0.0,participated,
1964,Tokyo,SUI,Switzerland,225,mapped,,1.0,2.0,1.0,4.0,501,163,0.007984031936127744,0.006134969325153374,participated,
1964,Tokyo,SWE,Sweden,380,mapped,,2.0,2.0,4.0,8.0,501,163,0.015968063872255488,0.012269938650306749,participated,
1964,Tokyo,TAN,Tanzania,510,mapped,,0.0,0.0,0.0,0.0,501,163,0.0,0.0,participated,
1964,Tokyo,TCH,Czechoslovakia,315,mapped,,5.0,6.0,3.0,14.0,501,163,0.027944111776447105,0.03067484662576687,participated,
1964,Tokyo,THA,Thailand,800,mapped,,0.0,0.0,0.0,0.0,501,163,0.0,0.0,participated,
1964,Tokyo,TPE,Chinese Taipei,713,mapped,,0.0,0.0,0.0,0.0,501,163,0.0,0.0,participated,
1964,Tokyo,TTO,Trinidad and Tobago,52,mapped,,0.0,1.0,2.0,3.0,501,163,0.005988023952095809,0.0,participated,
1964,Tokyo,TUN,Tunisia,616,mapped,,0.0,1.0,1.0,2.0,501,163,0.003992015968063872,0.0,participated,
1964,Tokyo,TUR,Turkey,640,mapped,,2.0,3.0,1.0,6.0,501,163,0.011976047904191617,0.012269938650306749,participated,
1964,Tokyo,UGA,Uganda,500,mapped,,0.0,0.0,0.0,0.0,501,163,0.0,0.0,participated,
1964,Tokyo,URS,Soviet Union,365,mapped,,30.0,30.0,33.0,93.0,501,163,0.18562874251497005,0.18404907975460122,participated,
1964,Tokyo,URU,Uruguay,165,mapped,,0.0,0.0,1.0,1.0,501,163,0.001996007984031936,0.0,participated,
1964,Tokyo,USA,United States,2,mapped,,36.0,26.0,28.0,90.0,501,163,0.17964071856287425,0.22085889570552147,participated,
1964,Tokyo,VEN,Venezuela,101,mapped,,0.0,0.0,0.0,0.0,501,163,0.0,0.0,participated,
1964,Tokyo,VNM,South Vietnam,817,mapped,,0.0,0.0,0.0,0.0,501,163,0.0,0.0,participated,
1964,Tokyo,YUG,Yugoslavia,345,mapped,,2.0,1.0,2.0,5.0,501,163,0.00998003992015968,0.012269938650306749,participated,
1964,Tokyo,ZAM,Zambia,551,mapped,,0.0,0.0,0.0,0.0,501,163,0.0,0.0,participated,
1964,Tokyo,ZIM,Rhodesia,552,mapped,,0.0,0.0,0.0,0.0,501,163,0.0,0.0,participated,
1968,Mexico City,AFG,Afghanistan,700,mapped,,0.0,0.0,0.0,0.0,527,174,0.0,0.0,participated,
1968,Mexico City,AHO,Netherlands Antilles,,excluded_non_sovereign,Olympic delegation does not correspond to an independent sovereign-state geometry in the adopted CShapes choropleth.,0.0,0.0,0.0,0.0,527,174,0.0,0.0,participated,
1968,Mexico City,ALG,Algeria,615,mapped,,0.0,0.0,0.0,0.0,527,174,0.0,0.0,participated,
1968,Mexico City,ARG,Argentina,160,mapped,,0.0,0.0,2.0,2.0,527,174,0.003795066413662239,0.0,participated,
1968,Mexico City,AUS,Australia,900,mapped,,5.0,7.0,5.0,17.0,527,174,0.03225806451612903,0.028735632183908046,participated,
1968,Mexico City,AUT,Austria,305,mapped,,0.0,2.0,2.0,4.0,527,174,0.007590132827324478,0.0,participated,
1968,Mexico City,BAH,Bahamas,31,mapped,,0.0,0.0,0.0,0.0,527,174,0.0,0.0,participated,
1968,Mexico City,BAR,Barbados,53,mapped,,0.0,0.0,0.0,0.0,527,174,0.0,0.0,participated,
1968,Mexico City,BEL,Belgium,211,mapped,,0.0,1.0,1.0,2.0,527,174,0.003795066413662239,0.0,participated,
1968,Mexico City,BER,Bermuda,,excluded_non_sovereign,Olympic delegation does not correspond to an independent sovereign-state geometry in the adopted CShapes choropleth.,0.0,0.0,0.0,0.0,527,174,0.0,0.0,participated,
1968,Mexico City,BIZ,Belize,80,mapped,,0.0,0.0,0.0,0.0,527,174,0.0,0.0,participated,
1968,Mexico City,BOL,Bolivia,145,mapped,,0.0,0.0,0.0,0.0,527,174,0.0,0.0,participated,
1968,Mexico City,BRA,Brazil,140,mapped,,0.0,1.0,2.0,3.0,527,174,0.0056925996204933585,0.0,participated,
1968,Mexico City,BUL,Bulgaria,355,mapped,,2.0,4.0,3.0,9.0,527,174,0.017077798861480076,0.011494252873563218,participated,
1968,Mexico City,CAF,Central African Republic,482,mapped,,0.0,0.0,0.0,0.0,527,174,0.0,0.0,participated,
1968,Mexico City,CAN,Canada,20,mapped,,1.0,3.0,1.0,5.0,527,174,0.009487666034155597,0.005747126436781609,participated,
1968,Mexico City,CHA,Chad,483,mapped,,0.0,0.0,0.0,0.0,527,174,0.0,0.0,participated,
1968,Mexico City,CHI,Chile,155,mapped,,0.0,0.0,0.0,0.0,527,174,0.0,0.0,participated,
1968,Mexico City,CIV,Cote d'Ivoire,437,mapped,,0.0,0.0,0.0,0.0,527,174,0.0,0.0,participated,
1968,Mexico City,CMR,Cameroon,471,mapped,,0.0,1.0,0.0,1.0,527,174,0.0018975332068311196,0.0,participated,
1968,Mexico City,COD,Congo (Kinshasa),490,mapped,,0.0,0.0,0.0,0.0,527,174,0.0,0.0,participated,
1968,Mexico City,COL,Colombia,100,mapped,,0.0,0.0,0.0,0.0,527,174,0.0,0.0,participated,
1968,Mexico City,CRC,Costa Rica,94,mapped,,0.0,0.0,0.0,0.0,527,174,0.0,0.0,participated,
1968,Mexico City,CUB,Cuba,40,mapped,,0.0,4.0,0.0,4.0,527,174,0.007590132827324478,0.0,participated,
1968,Mexico City,DEN,Denmark,390,mapped,,1.0,4.0,3.0,8.0,527,174,0.015180265654648957,0.005747126436781609,participated,
1968,Mexico City,DOM,Dominican Republic,42,mapped,,0.0,0.0,0.0,0.0,527,174,0.0,0.0,participated,
1968,Mexico City,ECU,Ecuador,130,mapped,,0.0,0.0,0.0,0.0,527,174,0.0,0.0,participated,
1968,Mexico City,EGY,Egypt,651,mapped,,0.0,0.0,0.0,0.0,527,174,0.0,0.0,participated,
1968,Mexico City,ESA,El Salvador,92,mapped,,0.0,0.0,0.0,0.0,527,174,0.0,0.0,participated,
1968,Mexico City,ESP,Spain,230,mapped,,0.0,0.0,0.0,0.0,527,174,0.0,0.0,participated,
1968,Mexico City,ETH,Ethiopia,530,mapped,,1.0,1.0,0.0,2.0,527,174,0.003795066413662239,0.005747126436781609,participated,
1968,Mexico City,FIJ,Fiji,950,mapped,,0.0,0.0,0.0,0.0,527,174,0.0,0.0,participated,
1968,Mexico City,FIN,Finland,375,mapped,,1.0,2.0,1.0,4.0,527,174,0.007590132827324478,0.005747126436781609,participated,
1968,Mexico City,FRA,France,220,mapped,,7.0,3.0,5.0,15.0,527,174,0.028462998102466792,0.040229885057471264,participated,
1968,Mexico City,FRG,West Germany,260,mapped,,5.0,11.0,10.0,26.0,527,174,0.04933586337760911,0.028735632183908046,participated,
1968,Mexico City,GBR,Great Britain,200,mapped,,5.0,5.0,3.0,13.0,527,174,0.024667931688804556,0.028735632183908046,participated,
1968,Mexico City,GDR,East Germany,265,mapped,,9.0,9.0,7.0,25.0,527,174,0.04743833017077799,0.05172413793103448,participated,
1968,Mexico City,GHA,Ghana,452,mapped,,0.0,0.0,0.0,0.0,527,174,0.0,0.0,participated,
1968,Mexico City,GRE,Greece,350,mapped,,0.0,0.0,1.0,1.0,527,174,0.0018975332068311196,0.0,participated,
1968,Mexico City,GUA,Guatemala,90,mapped,,0.0,0.0,0.0,0.0,527,174,0.0,0.0,participated,
1968,Mexico City,GUI,Guinea,438,mapped,,0.0,0.0,0.0,0.0,527,174,0.0,0.0,participated,
1968,Mexico City,GUY,Guyana,110,mapped,,0.0,0.0,0.0,0.0,527,174,0.0,0.0,participated,
1968,Mexico City,HKG,Hong Kong,,excluded_non_sovereign,Olympic delegation does not correspond to an independent sovereign-state geometry in the adopted CShapes choropleth.,0.0,0.0,0.0,0.0,527,174,0.0,0.0,participated,
1968,Mexico City,HON,Honduras,91,mapped,,0.0,0.0,0.0,0.0,527,174,0.0,0.0,participated,
1968,Mexico City,HUN,Hungary,310,mapped,,10.0,10.0,12.0,32.0,527,174,0.06072106261859583,0.05747126436781609,participated,
1968,Mexico City,INA,Indonesia,850,mapped,,0.0,0.0,0.0,0.0,527,174,0.0,0.0,participated,
1968,Mexico City,IND,India,750,mapped,,0.0,0.0,1.0,1.0,527,174,0.0018975332068311196,0.0,participated,
1968,Mexico City,IRI,Iran,630,mapped,,2.0,1.0,2.0,5.0,527,174,0.009487666034155597,0.011494252873563218,participated,
1968,Mexico City,IRL,Ireland,205,mapped,,0.0,0.0,0.0,0.0,527,174,0.0,0.0,participated,
1968,Mexico City,IRQ,Iraq,645,mapped,,0.0,0.0,0.0,0.0,527,174,0.0,0.0,participated,
1968,Mexico City,ISL,Iceland,395,mapped,,0.0,0.0,0.0,0.0,527,174,0.0,0.0,participated,
1968,Mexico City,ISR,Israel,666,mapped,,0.0,0.0,0.0,0.0,527,174,0.0,0.0,participated,
1968,Mexico City,ISV,United States Virgin Islands,,excluded_non_sovereign,Olympic delegation does not correspond to an independent sovereign-state geometry in the adopted CShapes choropleth.,0.0,0.0,0.0,0.0,527,174,0.0,0.0,participated,
1968,Mexico City,ITA,Italy,325,mapped,,3.0,4.0,9.0,16.0,527,174,0.030360531309297913,0.017241379310344827,participated,
1968,Mexico City,JAM,Jamaica,51,mapped,,0.0,1.0,0.0,1.0,527,174,0.0018975332068311196,0.0,participated,
1968,Mexico City,JPN,Japan,740,mapped,,11.0,7.0,7.0,25.0,527,174,0.04743833017077799,0.06321839080459771,participated,
1968,Mexico City,KEN,Kenya,501,mapped,,3.0,4.0,2.0,9.0,527,174,0.017077798861480076,0.017241379310344827,participated,
1968,Mexico City,KOR,South Korea,732,mapped,,0.0,1.0,1.0,2.0,527,174,0.003795066413662239,0.0,participated,
1968,Mexico City,KUW,Kuwait,690,mapped,,0.0,0.0,0.0,0.0,527,174,0.0,0.0,participated,
1968,Mexico City,LBA,Libya,620,mapped,,0.0,0.0,0.0,0.0,527,174,0.0,0.0,participated,
1968,Mexico City,LIB,Lebanon,660,mapped,,0.0,0.0,0.0,0.0,527,174,0.0,0.0,participated,
1968,Mexico City,LIE,Liechtenstein,,excluded_no_cshapes_geometry,No corresponding geometry is available in the adopted CShapes/Gleditsch-Ward sovereign-state basemap for this Olympic scope.,0.0,0.0,0.0,0.0,527,174,0.0,0.0,participated,
1968,Mexico City,LUX,Luxembourg,212,mapped,,0.0,0.0,0.0,0.0,527,174,0.0,0.0,participated,
1968,Mexico City,MAD,Madagascar,580,mapped,,0.0,0.0,0.0,0.0,527,174,0.0,0.0,participated,
1968,Mexico City,MAR,Morocco,600,mapped,,0.0,0.0,0.0,0.0,527,174,0.0,0.0,participated,
1968,Mexico City,MAS,Malaysia,820,mapped,,0.0,0.0,0.0,0.0,527,174,0.0,0.0,participated,
1968,Mexico City,MEX,Mexico,70,mapped,,3.0,3.0,3.0,9.0,527,174,0.017077798861480076,0.017241379310344827,participated,
1968,Mexico City,MGL,Mongolia,712,mapped,,0.0,1.0,3.0,4.0,527,174,0.007590132827324478,0.0,participated,
1968,Mexico City,MLI,Mali,432,mapped,,0.0,0.0,0.0,0.0,527,174,0.0,0.0,participated,
1968,Mexico City,MLT,Malta,338,mapped,,0.0,0.0,0.0,0.0,527,174,0.0,0.0,participated,
1968,Mexico City,MON,Monaco,,excluded_no_cshapes_geometry,No corresponding geometry is available in the adopted CShapes/Gleditsch-Ward sovereign-state basemap for this Olympic scope.,0.0,0.0,0.0,0.0,527,174,0.0,0.0,participated,
1968,Mexico City,MYA,Myanmar,775,mapped,,0.0,0.0,0.0,0.0,527,174,0.0,0.0,participated,
1968,Mexico City,NCA,Nicaragua,93,mapped,,0.0,0.0,0.0,0.0,527,174,0.0,0.0,participated,
1968,Mexico City,NED,Netherlands,210,mapped,,3.0,3.0,1.0,7.0,527,174,0.013282732447817837,0.017241379310344827,participated,
1968,Mexico City,NGR,Nigeria,475,mapped,,0.0,0.0,0.0,0.0,527,174,0.0,0.0,participated,
1968,Mexico City,NIG,Niger,436,mapped,,0.0,0.0,0.0,0.0,527,174,0.0,0.0,participated,
1968,Mexico City,NOR,Norway,385,mapped,,1.0,1.0,0.0,2.0,527,174,0.003795066413662239,0.005747126436781609,participated,
1968,Mexico City,NZL,New Zealand,920,mapped,,1.0,0.0,2.0,3.0,527,174,0.0056925996204933585,0.005747126436781609,participated,
1968,Mexico City,PAK,Pakistan,770,mapped,,1.0,0.0,0.0,1.0,527,174,0.0018975332068311196,0.005747126436781609,participated,
1968,Mexico City,PAN,Panama,95,mapped,,0.0,0.0,0.0,0.0,527,174,0.0,0.0,participated,
1968,Mexico City,PAR,Paraguay,150,mapped,,0.0,0.0,0.0,0.0,527,174,0.0,0.0,participated,
1968,Mexico City,PER,Peru,135,mapped,,0.0,0.0,0.0,0.0,527,174,0.0,0.0,participated,
1968,Mexico City,PHI,Philippines,840,mapped,,0.0,0.0,0.0,0.0,527,174,0.0,0.0,participated,
1968,Mexico City,POL,Poland,290,mapped,,5.0,2.0,11.0,18.0,527,174,0.03415559772296015,0.028735632183908046,participated,
1968,Mexico City,POR,Portugal,235,mapped,,0.0,0.0,0.0,0.0,527,174,0.0,0.0,participated,
1968,Mexico City,PUR,Puerto Rico,,excluded_non_sovereign,Olympic delegation does not correspond to an independent sovereign-state geometry in the adopted CShapes choropleth.,0.0,0.0,0.0,0.0,527,174,0.0,0.0,participated,
1968,Mexico City,ROU,Romania,360,mapped,,4.0,6.0,5.0,15.0,527,174,0.028462998102466792,0.022988505747126436,participated,
1968,Mexico City,SEN,Senegal,433,mapped,,0.0,0.0,0.0,0.0,527,174,0.0,0.0,participated,
1968,Mexico City,SGP,Singapore,830,mapped,,0.0,0.0,0.0,0.0,527,174,0.0,0.0,participated,
1968,Mexico City,SLE,Sierra Leone,451,mapped,,0.0,0.0,0.0,0.0,527,174,0.0,0.0,participated,
1968,Mexico City,SMR,San Marino,,excluded_no_cshapes_geometry,No corresponding geometry is available in the adopted CShapes/Gleditsch-Ward sovereign-state basemap for this Olympic scope.,0.0,0.0,0.0,0.0,527,174,0.0,0.0,participated,
1968,Mexico City,SRI,Sri Lanka,780,mapped,,0.0,0.0,0.0,0.0,527,174,0.0,0.0,participated,
1968,Mexico City,SUD,Sudan,625,mapped,,0.0,0.0,0.0,0.0,527,174,0.0,0.0,participated,
1968,Mexico City,SUI,Switzerland,225,mapped,,0.0,1.0,4.0,5.0,527,174,0.009487666034155597,0.0,participated,
1968,Mexico City,SUR,Suriname,115,mapped,,0.0,0.0,0.0,0.0,527,174,0.0,0.0,participated,
1968,Mexico City,SWE,Sweden,380,mapped,,2.0,1.0,1.0,4.0,527,174,0.007590132827324478,0.011494252873563218,participated,
1968,Mexico City,SYR,Syria,652,mapped,,0.0,0.0,0.0,0.0,527,174,0.0,0.0,participated,
1968,Mexico City,TAN,Tanzania,510,mapped,,0.0,0.0,0.0,0.0,527,174,0.0,0.0,participated,
1968,Mexico City,TCH,Czechoslovakia,315,mapped,,7.0,2.0,4.0,13.0,527,174,0.024667931688804556,0.040229885057471264,participated,
1968,Mexico City,THA,Thailand,800,mapped,,0.0,0.0,0.0,0.0,527,174,0.0,0.0,participated,
1968,Mexico City,TPE,Chinese Taipei,713,mapped,,0.0,0.0,1.0,1.0,527,174,0.0018975332068311196,0.0,participated,
1968,Mexico City,TTO,Trinidad and Tobago,52,mapped,,0.0,0.0,0.0,0.0,527,174,0.0,0.0,participated,
1968,Mexico City,TUN,Tunisia,616,mapped,,1.0,0.0,1.0,2.0,527,174,0.003795066413662239,0.005747126436781609,participated,
1968,Mexico City,TUR,Turkey,640,mapped,,2.0,0.0,0.0,2.0,527,174,0.003795066413662239,0.011494252873563218,participated,
1968,Mexico City,UGA,Uganda,500,mapped,,0.0,1.0,1.0,2.0,527,174,0.003795066413662239,0.0,participated,
1968,Mexico City,URS,Soviet Union,365,mapped,,29.0,32.0,30.0,91.0,527,174,0.17267552182163187,0.16666666666666666,participated,
1968,Mexico City,URU,Uruguay,165,mapped,,0.0,0.0,0.0,0.0,527,174,0.0,0.0,participated,
1968,Mexico City,USA,United States,2,mapped,,45.0,28.0,34.0,107.0,527,174,0.2030360531309298,0.25862068965517243,participated,
1968,Mexico City,VEN,Venezuela,101,mapped,,1.0,0.0,0.0,1.0,527,174,0.0018975332068311196,0.005747126436781609,participated,
1968,Mexico City,VNM,South Vietnam,817,mapped,,0.0,0.0,0.0,0.0,527,174,0.0,0.0,participated,
1968,Mexico City,YUG,Yugoslavia,345,mapped,,3.0,3.0,2.0,8.0,527,174,0.015180265654648957,0.017241379310344827,participated,
1968,Mexico City,ZAM,Zambia,551,mapped,,0.0,0.0,0.0,0.0,527,174,0.0,0.0,participated,
1972,Munich,AFG,Afghanistan,700,mapped,,0.0,0.0,0.0,0.0,600,195,0.0,0.0,participated,
1972,Munich,AHO,Netherlands Antilles,,excluded_non_sovereign,Olympic delegation does not correspond to an independent sovereign-state geometry in the adopted CShapes choropleth.,0.0,0.0,0.0,0.0,600,195,0.0,0.0,participated,
1972,Munich,ALB,Albania,339,mapped,,0.0,0.0,0.0,0.0,600,195,0.0,0.0,participated,
1972,Munich,ALG,Algeria,615,mapped,,0.0,0.0,0.0,0.0,600,195,0.0,0.0,participated,
1972,Munich,ARG,Argentina,160,mapped,,0.0,1.0,0.0,1.0,600,195,0.0016666666666666668,0.0,participated,
1972,Munich,AUS,Australia,900,mapped,,8.0,7.0,2.0,17.0,600,195,0.028333333333333332,0.041025641025641026,participated,
1972,Munich,AUT,Austria,305,mapped,,0.0,1.0,2.0,3.0,600,195,0.005,0.0,participated,
1972,Munich,BAH,Bahamas,31,mapped,,0.0,0.0,0.0,0.0,600,195,0.0,0.0,participated,
1972,Munich,BAR,Barbados,53,mapped,,0.0,0.0,0.0,0.0,600,195,0.0,0.0,participated,
1972,Munich,BEL,Belgium,211,mapped,,0.0,2.0,0.0,2.0,600,195,0.0033333333333333335,0.0,participated,
1972,Munich,BEN,Benin,434,mapped,,0.0,0.0,0.0,0.0,600,195,0.0,0.0,participated,
1972,Munich,BER,Bermuda,,excluded_non_sovereign,Olympic delegation does not correspond to an independent sovereign-state geometry in the adopted CShapes choropleth.,0.0,0.0,0.0,0.0,600,195,0.0,0.0,participated,
1972,Munich,BIZ,Belize,80,mapped,,0.0,0.0,0.0,0.0,600,195,0.0,0.0,participated,
1972,Munich,BOL,Bolivia,145,mapped,,0.0,0.0,0.0,0.0,600,195,0.0,0.0,participated,
1972,Munich,BRA,Brazil,140,mapped,,0.0,0.0,2.0,2.0,600,195,0.0033333333333333335,0.0,participated,
1972,Munich,BUL,Bulgaria,355,mapped,,6.0,10.0,5.0,21.0,600,195,0.035,0.03076923076923077,participated,
1972,Munich,BUR,Burkina Faso,439,mapped,,0.0,0.0,0.0,0.0,600,195,0.0,0.0,participated,
1972,Munich,CAM,Cambodia,811,mapped,,0.0,0.0,0.0,0.0,600,195,0.0,0.0,participated,
1972,Munich,CAN,Canada,20,mapped,,0.0,2.0,3.0,5.0,600,195,0.008333333333333333,0.0,participated,
1972,Munich,CGO,Congo (Brazzaville),484,mapped,,0.0,0.0,0.0,0.0,600,195,0.0,0.0,participated,
1972,Munich,CHA,Chad,483,mapped,,0.0,0.0,0.0,0.0,600,195,0.0,0.0,participated,
1972,Munich,CHI,Chile,155,mapped,,0.0,0.0,0.0,0.0,600,195,0.0,0.0,participated,
1972,Munich,CIV,Cote d'Ivoire,437,mapped,,0.0,0.0,0.0,0.0,600,195,0.0,0.0,participated,
1972,Munich,CMR,Cameroon,471,mapped,,0.0,0.0,0.0,0.0,600,195,0.0,0.0,participated,
1972,Munich,COL,Colombia,100,mapped,,0.0,1.0,2.0,3.0,600,195,0.005,0.0,participated,
1972,Munich,CRC,Costa Rica,94,mapped,,0.0,0.0,0.0,0.0,600,195,0.0,0.0,participated,
1972,Munich,CUB,Cuba,40,mapped,,3.0,1.0,4.0,8.0,600,195,0.013333333333333334,0.015384615384615385,participated,
1972,Munich,DEN,Denmark,390,mapped,,1.0,0.0,0.0,1.0,600,195,0.0016666666666666668,0.005128205128205128,participated,
1972,Munich,DOM,Dominican Republic,42,mapped,,0.0,0.0,0.0,0.0,600,195,0.0,0.0,participated,
1972,Munich,ECU,Ecuador,130,mapped,,0.0,0.0,0.0,0.0,600,195,0.0,0.0,participated,
1972,Munich,EGY,Egypt,651,mapped,,0.0,0.0,0.0,0.0,600,195,0.0,0.0,participated,
1972,Munich,ESA,El Salvador,92,mapped,,0.0,0.0,0.0,0.0,600,195,0.0,0.0,participated,
1972,Munich,ESP,Spain,230,mapped,,0.0,0.0,1.0,1.0,600,195,0.0016666666666666668,0.0,participated,
1972,Munich,ETH,Ethiopia,530,mapped,,0.0,0.0,2.0,2.0,600,195,0.0033333333333333335,0.0,participated,
1972,Munich,FIJ,Fiji,950,mapped,,0.0,0.0,0.0,0.0,600,195,0.0,0.0,participated,
1972,Munich,FIN,Finland,375,mapped,,3.0,1.0,4.0,8.0,600,195,0.013333333333333334,0.015384615384615385,participated,
1972,Munich,FRA,France,220,mapped,,2.0,4.0,7.0,13.0,600,195,0.021666666666666667,0.010256410256410256,participated,
1972,Munich,FRG,West Germany,260,mapped,,13.0,11.0,16.0,40.0,600,195,0.06666666666666667,0.06666666666666667,participated,
1972,Munich,GAB,Gabon,481,mapped,,0.0,0.0,0.0,0.0,600,195,0.0,0.0,participated,
1972,Munich,GBR,Great Britain,200,mapped,,4.0,5.0,9.0,18.0,600,195,0.03,0.020512820512820513,participated,
1972,Munich,GDR,East Germany,265,mapped,,20.0,23.0,23.0,66.0,600,195,0.11,0.10256410256410256,participated,
1972,Munich,GHA,Ghana,452,mapped,,0.0,0.0,1.0,1.0,600,195,0.0016666666666666668,0.0,participated,
1972,Munich,GRE,Greece,350,mapped,,0.0,2.0,0.0,2.0,600,195,0.0033333333333333335,0.0,participated,
1972,Munich,GUA,Guatemala,90,mapped,,0.0,0.0,0.0,0.0,600,195,0.0,0.0,participated,
1972,Munich,GUY,Guyana,110,mapped,,0.0,0.0,0.0,0.0,600,195,0.0,0.0,participated,
1972,Munich,HAI,Haiti,41,mapped,,0.0,0.0,0.0,0.0,600,195,0.0,0.0,participated,
1972,Munich,HKG,Hong Kong,,excluded_non_sovereign,Olympic delegation does not correspond to an independent sovereign-state geometry in the adopted CShapes choropleth.,0.0,0.0,0.0,0.0,600,195,0.0,0.0,participated,
1972,Munich,HUN,Hungary,310,mapped,,6.0,13.0,16.0,35.0,600,195,0.058333333333333334,0.03076923076923077,participated,
1972,Munich,INA,Indonesia,850,mapped,,0.0,0.0,0.0,0.0,600,195,0.0,0.0,participated,
1972,Munich,IND,India,750,mapped,,0.0,0.0,1.0,1.0,600,195,0.0016666666666666668,0.0,participated,
1972,Munich,IRI,Iran,630,mapped,,0.0,2.0,1.0,3.0,600,195,0.005,0.0,participated,
1972,Munich,IRL,Ireland,205,mapped,,0.0,0.0,0.0,0.0,600,195,0.0,0.0,participated,
1972,Munich,ISL,Iceland,395,mapped,,0.0,0.0,0.0,0.0,600,195,0.0,0.0,participated,
1972,Munich,ISR,Israel,666,mapped,,0.0,0.0,0.0,0.0,600,195,0.0,0.0,participated,
1972,Munich,ISV,United States Virgin Islands,,excluded_non_sovereign,Olympic delegation does not correspond to an independent sovereign-state geometry in the adopted CShapes choropleth.,0.0,0.0,0.0,0.0,600,195,0.0,0.0,participated,
1972,Munich,ITA,Italy,325,mapped,,5.0,3.0,10.0,18.0,600,195,0.03,0.02564102564102564,participated,
1972,Munich,JAM,Jamaica,51,mapped,,0.0,0.0,1.0,1.0,600,195,0.0016666666666666668,0.0,participated,
1972,Munich,JPN,Japan,740,mapped,,13.0,8.0,8.0,29.0,600,195,0.04833333333333333,0.06666666666666667,participated,
1972,Munich,KEN,Kenya,501,mapped,,2.0,3.0,4.0,9.0,600,195,0.015,0.010256410256410256,participated,
1972,Munich,KOR,South Korea,732,mapped,,0.0,1.0,0.0,1.0,600,195,0.0016666666666666668,0.0,participated,
1972,Munich,KSA,Saudi Arabia,670,mapped,,0.0,0.0,0.0,0.0,600,195,0.0,0.0,participated,
1972,Munich,KUW,Kuwait,690,mapped,,0.0,0.0,0.0,0.0,600,195,0.0,0.0,participated,
1972,Munich,LBR,Liberia,450,mapped,,0.0,0.0,0.0,0.0,600,195,0.0,0.0,participated,
1972,Munich,LES,Lesotho,570,mapped,,0.0,0.0,0.0,0.0,600,195,0.0,0.0,participated,
1972,Munich,LIB,Lebanon,660,mapped,,0.0,1.0,0.0,1.0,600,195,0.0016666666666666668,0.0,participated,
1972,Munich,LIE,Liechtenstein,,excluded_no_cshapes_geometry,No corresponding geometry is available in the adopted CShapes/Gleditsch-Ward sovereign-state basemap for this Olympic scope.,0.0,0.0,0.0,0.0,600,195,0.0,0.0,participated,
1972,Munich,LUX,Luxembourg,212,mapped,,0.0,0.0,0.0,0.0,600,195,0.0,0.0,participated,
1972,Munich,MAD,Madagascar,580,mapped,,0.0,0.0,0.0,0.0,600,195,0.0,0.0,participated,
1972,Munich,MAR,Morocco,600,mapped,,0.0,0.0,0.0,0.0,600,195,0.0,0.0,participated,
1972,Munich,MAS,Malaysia,820,mapped,,0.0,0.0,0.0,0.0,600,195,0.0,0.0,participated,
1972,Munich,MAW,Malawi,553,mapped,,0.0,0.0,0.0,0.0,600,195,0.0,0.0,participated,
1972,Munich,MEX,Mexico,70,mapped,,0.0,1.0,0.0,1.0,600,195,0.0016666666666666668,0.0,participated,
1972,Munich,MGL,Mongolia,712,mapped,,0.0,1.0,0.0,1.0,600,195,0.0016666666666666668,0.0,participated,
1972,Munich,MLI,Mali,432,mapped,,0.0,0.0,0.0,0.0,600,195,0.0,0.0,participated,
1972,Munich,MLT,Malta,338,mapped,,0.0,0.0,0.0,0.0,600,195,0.0,0.0,participated,
1972,Munich,MON,Monaco,,excluded_no_cshapes_geometry,No corresponding geometry is available in the adopted CShapes/Gleditsch-Ward sovereign-state basemap for this Olympic scope.,0.0,0.0,0.0,0.0,600,195,0.0,0.0,participated,
1972,Munich,MYA,Myanmar,775,mapped,,0.0,0.0,0.0,0.0,600,195,0.0,0.0,participated,
1972,Munich,NCA,Nicaragua,93,mapped,,0.0,0.0,0.0,0.0,600,195,0.0,0.0,participated,
1972,Munich,NED,Netherlands,210,mapped,,3.0,1.0,1.0,5.0,600,195,0.008333333333333333,0.015384615384615385,participated,
1972,Munich,NEP,Nepal,790,mapped,,0.0,0.0,0.0,0.0,600,195,0.0,0.0,participated,
1972,Munich,NGR,Nigeria,475,mapped,,0.0,0.0,1.0,1.0,600,195,0.0016666666666666668,0.0,participated,
1972,Munich,NIG,Niger,436,mapped,,0.0,0.0,1.0,1.0,600,195,0.0016666666666666668,0.0,participated,
1972,Munich,NOR,Norway,385,mapped,,2.0,1.0,1.0,4.0,600,195,0.006666666666666667,0.010256410256410256,participated,
1972,Munich,NZL,New Zealand,920,mapped,,1.0,1.0,1.0,3.0,600,195,0.005,0.005128205128205128,participated,
1972,Munich,PAK,Pakistan,770,mapped,,0.0,1.0,0.0,1.0,600,195,0.0016666666666666668,0.0,participated,
1972,Munich,PAN,Panama,95,mapped,,0.0,0.0,0.0,0.0,600,195,0.0,0.0,participated,
1972,Munich,PAR,Paraguay,150,mapped,,0.0,0.0,0.0,0.0,600,195,0.0,0.0,participated,
1972,Munich,PER,Peru,135,mapped,,0.0,0.0,0.0,0.0,600,195,0.0,0.0,participated,
1972,Munich,PHI,Philippines,840,mapped,,0.0,0.0,0.0,0.0,600,195,0.0,0.0,participated,
1972,Munich,POL,Poland,290,mapped,,7.0,5.0,9.0,21.0,600,195,0.035,0.035897435897435895,participated,
1972,Munich,POR,Portugal,235,mapped,,0.0,0.0,0.0,0.0,600,195,0.0,0.0,participated,
1972,Munich,PRK,North Korea,731,mapped,,1.0,1.0,3.0,5.0,600,195,0.008333333333333333,0.005128205128205128,participated,
1972,Munich,PUR,Puerto Rico,,excluded_non_sovereign,Olympic delegation does not correspond to an independent sovereign-state geometry in the adopted CShapes choropleth.,0.0,0.0,0.0,0.0,600,195,0.0,0.0,participated,
1972,Munich,ROU,Romania,360,mapped,,3.0,6.0,7.0,16.0,600,195,0.02666666666666667,0.015384615384615385,participated,
1972,Munich,SEN,Senegal,433,mapped,,0.0,0.0,0.0,0.0,600,195,0.0,0.0,participated,
1972,Munich,SGP,Singapore,830,mapped,,0.0,0.0,0.0,0.0,600,195,0.0,0.0,participated,
1972,Munich,SMR,San Marino,,excluded_no_cshapes_geometry,No corresponding geometry is available in the adopted CShapes/Gleditsch-Ward sovereign-state basemap for this Olympic scope.,0.0,0.0,0.0,0.0,600,195,0.0,0.0,participated,
1972,Munich,SOM,Somalia,520,mapped,,0.0,0.0,0.0,0.0,600,195,0.0,0.0,participated,
1972,Munich,SRI,Sri Lanka,780,mapped,,0.0,0.0,0.0,0.0,600,195,0.0,0.0,participated,
1972,Munich,SUD,Sudan,625,mapped,,0.0,0.0,0.0,0.0,600,195,0.0,0.0,participated,
1972,Munich,SUI,Switzerland,225,mapped,,0.0,3.0,0.0,3.0,600,195,0.005,0.0,participated,
1972,Munich,SUR,Suriname,115,mapped,,0.0,0.0,0.0,0.0,600,195,0.0,0.0,participated,
1972,Munich,SWE,Sweden,380,mapped,,4.0,6.0,6.0,16.0,600,195,0.02666666666666667,0.020512820512820513,participated,
1972,Munich,SWZ,Swaziland,572,mapped,,0.0,0.0,0.0,0.0,600,195,0.0,0.0,participated,
1972,Munich,SYR,Syria,652,mapped,,0.0,0.0,0.0,0.0,600,195,0.0,0.0,participated,
1972,Munich,TAN,Tanzania,510,mapped,,0.0,0.0,0.0,0.0,600,195,0.0,0.0,participated,
1972,Munich,TCH,Czechoslovakia,315,mapped,,2.0,4.0,2.0,8.0,600,195,0.013333333333333334,0.010256410256410256,participated,
1972,Munich,THA,Thailand,800,mapped,,0.0,0.0,0.0,0.0,600,195,0.0,0.0,participated,
1972,Munich,TOG,Togo,461,mapped,,0.0,0.0,0.0,0.0,600,195,0.0,0.0,participated,
1972,Munich,TPE,Chinese Taipei,713,mapped,,0.0,0.0,0.0,0.0,600,195,0.0,0.0,participated,
1972,Munich,TTO,Trinidad and Tobago,52,mapped,,0.0,0.0,0.0,0.0,600,195,0.0,0.0,participated,
1972,Munich,TUN,Tunisia,616,mapped,,0.0,1.0,0.0,1.0,600,195,0.0016666666666666668,0.0,participated,
1972,Munich,TUR,Turkey,640,mapped,,0.0,1.0,0.0,1.0,600,195,0.0016666666666666668,0.0,participated,
1972,Munich,UGA,Uganda,500,mapped,,1.0,1.0,0.0,2.0,600,195,0.0033333333333333335,0.005128205128205128,participated,
1972,Munich,URS,Soviet Union,365,mapped,,50.0,27.0,22.0,99.0,600,195,0.165,0.2564102564102564,participated,
1972,Munich,URU,Uruguay,165,mapped,,0.0,0.0,0.0,0.0,600,195,0.0,0.0,participated,
1972,Munich,USA,United States,2,mapped,,33.0,31.0,30.0,94.0,600,195,0.15666666666666668,0.16923076923076924,participated,
1972,Munich,VEN,Venezuela,101,mapped,,0.0,0.0,0.0,0.0,600,195,0.0,0.0,participated,
1972,Munich,VNM,South Vietnam,817,mapped,,0.0,0.0,0.0,0.0,600,195,0.0,0.0,participated,
1972,Munich,YUG,Yugoslavia,345,mapped,,2.0,1.0,2.0,5.0,600,195,0.008333333333333333,0.010256410256410256,participated,
1972,Munich,ZAM,Zambia,551,mapped,,0.0,0.0,0.0,0.0,600,195,0.0,0.0,participated,
1976,Montreal,AHO,Netherlands Antilles,,excluded_non_sovereign,Olympic delegation does not correspond to an independent sovereign-state geometry in the adopted CShapes choropleth.,0.0,0.0,0.0,0.0,613,198,0.0,0.0,participated,
1976,Montreal,AND,Andorra,,excluded_no_cshapes_geometry,No corresponding geometry is available in the adopted CShapes/Gleditsch-Ward sovereign-state basemap for this Olympic scope.,0.0,0.0,0.0,0.0,613,198,0.0,0.0,participated,
1976,Montreal,ANT,Antigua and Barbuda,,excluded_no_cshapes_geometry,No corresponding geometry is available in the adopted CShapes/Gleditsch-Ward sovereign-state basemap for this Olympic scope.,0.0,0.0,0.0,0.0,613,198,0.0,0.0,participated,
1976,Montreal,ARG,Argentina,160,mapped,,0.0,0.0,0.0,0.0,613,198,0.0,0.0,participated,
1976,Montreal,AUS,Australia,900,mapped,,0.0,1.0,4.0,5.0,613,198,0.008156606851549755,0.0,participated,
1976,Montreal,AUT,Austria,305,mapped,,0.0,0.0,1.0,1.0,613,198,0.0016313213703099511,0.0,participated,
1976,Montreal,BAH,Bahamas,31,mapped,,0.0,0.0,0.0,0.0,613,198,0.0,0.0,participated,
1976,Montreal,BAR,Barbados,53,mapped,,0.0,0.0,0.0,0.0,613,198,0.0,0.0,participated,
1976,Montreal,BEL,Belgium,211,mapped,,0.0,3.0,3.0,6.0,613,198,0.009787928221859706,0.0,participated,
1976,Montreal,BER,Bermuda,,excluded_non_sovereign,Olympic delegation does not correspond to an independent sovereign-state geometry in the adopted CShapes choropleth.,0.0,0.0,1.0,1.0,613,198,0.0016313213703099511,0.0,participated,
1976,Montreal,BIZ,Belize,80,mapped,,0.0,0.0,0.0,0.0,613,198,0.0,0.0,participated,
1976,Montreal,BOL,Bolivia,145,mapped,,0.0,0.0,0.0,0.0,613,198,0.0,0.0,participated,
1976,Montreal,BRA,Brazil,140,mapped,,0.0,0.0,2.0,2.0,613,198,0.0032626427406199023,0.0,participated,
1976,Montreal,BUL,Bulgaria,355,mapped,,6.0,9.0,7.0,22.0,613,198,0.03588907014681892,0.030303030303030304,participated,
1976,Montreal,CAN,Canada,20,mapped,,0.0,5.0,6.0,11.0,613,198,0.01794453507340946,0.0,participated,
1976,Montreal,CAY,Cayman Islands,,excluded_non_sovereign,Olympic delegation does not correspond to an independent sovereign-state geometry in the adopted CShapes choropleth.,0.0,0.0,0.0,0.0,613,198,0.0,0.0,participated,
1976,Montreal,CHI,Chile,155,mapped,,0.0,0.0,0.0,0.0,613,198,0.0,0.0,participated,
1976,Montreal,CIV,Cote d'Ivoire,437,mapped,,0.0,0.0,0.0,0.0,613,198,0.0,0.0,participated,
1976,Montreal,CMR,Cameroon,471,mapped,,0.0,0.0,0.0,0.0,613,198,0.0,0.0,participated,
1976,Montreal,COL,Colombia,100,mapped,,0.0,0.0,0.0,0.0,613,198,0.0,0.0,participated,
1976,Montreal,CRC,Costa Rica,94,mapped,,0.0,0.0,0.0,0.0,613,198,0.0,0.0,participated,
1976,Montreal,CUB,Cuba,40,mapped,,6.0,4.0,3.0,13.0,613,198,0.021207177814029365,0.030303030303030304,participated,
1976,Montreal,DEN,Denmark,390,mapped,,1.0,0.0,2.0,3.0,613,198,0.004893964110929853,0.005050505050505051,participated,
1976,Montreal,DOM,Dominican Republic,42,mapped,,0.0,0.0,0.0,0.0,613,198,0.0,0.0,participated,
1976,Montreal,ECU,Ecuador,130,mapped,,0.0,0.0,0.0,0.0,613,198,0.0,0.0,participated,
1976,Montreal,EGY,Egypt,651,mapped,,0.0,0.0,0.0,0.0,613,198,0.0,0.0,participated,
1976,Montreal,ESP,Spain,230,mapped,,0.0,2.0,0.0,2.0,613,198,0.0032626427406199023,0.0,participated,
1976,Montreal,FIJ,Fiji,950,mapped,,0.0,0.0,0.0,0.0,613,198,0.0,0.0,participated,
1976,Montreal,FIN,Finland,375,mapped,,4.0,2.0,0.0,6.0,613,198,0.009787928221859706,0.020202020202020204,participated,
1976,Montreal,FRA,France,220,mapped,,2.0,3.0,4.0,9.0,613,198,0.01468189233278956,0.010101010101010102,participated,
1976,Montreal,FRG,West Germany,260,mapped,,10.0,12.0,17.0,39.0,613,198,0.0636215334420881,0.050505050505050504,participated,
1976,Montreal,GBR,Great Britain,200,mapped,,3.0,5.0,5.0,13.0,613,198,0.021207177814029365,0.015151515151515152,participated,
1976,Montreal,GDR,East Germany,265,mapped,,40.0,25.0,25.0,90.0,613,198,0.1468189233278956,0.20202020202020202,participated,
1976,Montreal,GRE,Greece,350,mapped,,0.0,0.0,0.0,0.0,613,198,0.0,0.0,participated,
1976,Montreal,GUA,Guatemala,90,mapped,,0.0,0.0,0.0,0.0,613,198,0.0,0.0,participated,
1976,Montreal,HAI,Haiti,41,mapped,,0.0,0.0,0.0,0.0,613,198,0.0,0.0,participated,
1976,Montreal,HKG,Hong Kong,,excluded_non_sovereign,Olympic delegation does not correspond to an independent sovereign-state geometry in the adopted CShapes choropleth.,0.0,0.0,0.0,0.0,613,198,0.0,0.0,participated,
1976,Montreal,HON,Honduras,91,mapped,,0.0,0.0,0.0,0.0,613,198,0.0,0.0,participated,
1976,Montreal,HUN,Hungary,310,mapped,,4.0,5.0,13.0,22.0,613,198,0.03588907014681892,0.020202020202020204,participated,
1976,Montreal,INA,Indonesia,850,mapped,,0.0,0.0,0.0,0.0,613,198,0.0,0.0,participated,
1976,Montreal,IND,India,750,mapped,,0.0,0.0,0.0,0.0,613,198,0.0,0.0,participated,
1976,Montreal,IRI,Iran,630,mapped,,0.0,1.0,1.0,2.0,613,198,0.0032626427406199023,0.0,participated,
1976,Montreal,IRL,Ireland,205,mapped,,0.0,0.0,0.0,0.0,613,198,0.0,0.0,participated,
1976,Montreal,ISL,Iceland,395,mapped,,0.0,0.0,0.0,0.0,613,198,0.0,0.0,participated,
1976,Montreal,ISR,Israel,666,mapped,,0.0,0.0,0.0,0.0,613,198,0.0,0.0,participated,
1976,Montreal,ISV,United States Virgin Islands,,excluded_non_sovereign,Olympic delegation does not correspond to an independent sovereign-state geometry in the adopted CShapes choropleth.,0.0,0.0,0.0,0.0,613,198,0.0,0.0,participated,
1976,Montreal,ITA,Italy,325,mapped,,2.0,7.0,4.0,13.0,613,198,0.021207177814029365,0.010101010101010102,participated,
1976,Montreal,JAM,Jamaica,51,mapped,,1.0,1.0,0.0,2.0,613,198,0.0032626427406199023,0.005050505050505051,participated,
1976,Montreal,JPN,Japan,740,mapped,,9.0,6.0,10.0,25.0,613,198,0.040783034257748776,0.045454545454545456,participated,
1976,Montreal,KOR,South Korea,732,mapped,,1.0,1.0,4.0,6.0,613,198,0.009787928221859706,0.005050505050505051,participated,
1976,Montreal,KSA,Saudi Arabia,670,mapped,,0.0,0.0,0.0,0.0,613,198,0.0,0.0,participated,
1976,Montreal,KUW,Kuwait,690,mapped,,0.0,0.0,0.0,0.0,613,198,0.0,0.0,participated,
1976,Montreal,LIB,Lebanon,660,mapped,,0.0,0.0,0.0,0.0,613,198,0.0,0.0,participated,
1976,Montreal,LIE,Liechtenstein,,excluded_no_cshapes_geometry,No corresponding geometry is available in the adopted CShapes/Gleditsch-Ward sovereign-state basemap for this Olympic scope.,0.0,0.0,0.0,0.0,613,198,0.0,0.0,participated,
1976,Montreal,LUX,Luxembourg,212,mapped,,0.0,0.0,0.0,0.0,613,198,0.0,0.0,participated,
1976,Montreal,MAR,Morocco,600,mapped,,0.0,0.0,0.0,0.0,613,198,0.0,0.0,participated,
1976,Montreal,MAS,Malaysia,820,mapped,,0.0,0.0,0.0,0.0,613,198,0.0,0.0,participated,
1976,Montreal,MEX,Mexico,70,mapped,,1.0,0.0,1.0,2.0,613,198,0.0032626427406199023,0.005050505050505051,participated,
1976,Montreal,MGL,Mongolia,712,mapped,,0.0,1.0,0.0,1.0,613,198,0.0016313213703099511,0.0,participated,
1976,Montreal,MON,Monaco,,excluded_no_cshapes_geometry,No corresponding geometry is available in the adopted CShapes/Gleditsch-Ward sovereign-state basemap for this Olympic scope.,0.0,0.0,0.0,0.0,613,198,0.0,0.0,participated,
1976,Montreal,NCA,Nicaragua,93,mapped,,0.0,0.0,0.0,0.0,613,198,0.0,0.0,participated,
1976,Montreal,NED,Netherlands,210,mapped,,0.0,2.0,3.0,5.0,613,198,0.008156606851549755,0.0,participated,
1976,Montreal,NEP,Nepal,790,mapped,,0.0,0.0,0.0,0.0,613,198,0.0,0.0,participated,
1976,Montreal,NOR,Norway,385,mapped,,1.0,1.0,0.0,2.0,613,198,0.0032626427406199023,0.005050505050505051,participated,
1976,Montreal,NZL,New Zealand,920,mapped,,2.0,1.0,1.0,4.0,613,198,0.0065252854812398045,0.010101010101010102,participated,
1976,Montreal,PAK,Pakistan,770,mapped,,0.0,0.0,1.0,1.0,613,198,0.0016313213703099511,0.0,participated,
1976,Montreal,PAN,Panama,95,mapped,,0.0,0.0,0.0,0.0,613,198,0.0,0.0,participated,
1976,Montreal,PAR,Paraguay,150,mapped,,0.0,0.0,0.0,0.0,613,198,0.0,0.0,participated,
1976,Montreal,PER,Peru,135,mapped,,0.0,0.0,0.0,0.0,613,198,0.0,0.0,participated,
1976,Montreal,PHI,Philippines,840,mapped,,0.0,0.0,0.0,0.0,613,198,0.0,0.0,participated,
1976,Montreal,PNG,Papua New Guinea,910,mapped,,0.0,0.0,0.0,0.0,613,198,0.0,0.0,participated,
1976,Montreal,POL,Poland,290,mapped,,7.0,6.0,13.0,26.0,613,198,0.04241435562805873,0.03535353535353535,participated,
1976,Montreal,POR,Portugal,235,mapped,,0.0,2.0,0.0,2.0,613,198,0.0032626427406199023,0.0,participated,
1976,Montreal,PRK,North Korea,731,mapped,,1.0,1.0,0.0,2.0,613,198,0.0032626427406199023,0.005050505050505051,participated,
1976,Montreal,PUR,Puerto Rico,,excluded_non_sovereign,Olympic delegation does not correspond to an independent sovereign-state geometry in the adopted CShapes choropleth.,0.0,0.0,1.0,1.0,613,198,0.0016313213703099511,0.0,participated,
1976,Montreal,ROU,Romania,360,mapped,,4.0,9.0,14.0,27.0,613,198,0.04404567699836868,0.020202020202020204,participated,
1976,Montreal,SEN,Senegal,433,mapped,,0.0,0.0,0.0,0.0,613,198,0.0,0.0,participated,
1976,Montreal,SGP,Singapore,830,mapped,,0.0,0.0,0.0,0.0,613,198,0.0,0.0,participated,
1976,Montreal,SMR,San Marino,,excluded_no_cshapes_geometry,No corresponding geometry is available in the adopted CShapes/Gleditsch-Ward sovereign-state basemap for this Olympic scope.,0.0,0.0,0.0,0.0,613,198,0.0,0.0,participated,
1976,Montreal,SUI,Switzerland,225,mapped,,1.0,1.0,2.0,4.0,613,198,0.0065252854812398045,0.005050505050505051,participated,
1976,Montreal,SUR,Suriname,115,mapped,,0.0,0.0,0.0,0.0,613,198,0.0,0.0,participated,
1976,Montreal,SWE,Sweden,380,mapped,,4.0,1.0,0.0,5.0,613,198,0.008156606851549755,0.020202020202020204,participated,
1976,Montreal,TCH,Czechoslovakia,315,mapped,,2.0,2.0,4.0,8.0,613,198,0.013050570962479609,0.010101010101010102,participated,
1976,Montreal,THA,Thailand,800,mapped,,0.0,0.0,1.0,1.0,613,198,0.0016313213703099511,0.0,participated,
1976,Montreal,TTO,Trinidad and Tobago,52,mapped,,1.0,0.0,0.0,1.0,613,198,0.0016313213703099511,0.005050505050505051,participated,
1976,Montreal,TUN,Tunisia,616,mapped,,0.0,0.0,0.0,0.0,613,198,0.0,0.0,participated,
1976,Montreal,TUR,Turkey,640,mapped,,0.0,0.0,0.0,0.0,613,198,0.0,0.0,participated,
1976,Montreal,URS,Soviet Union,365,mapped,,49.0,41.0,35.0,125.0,613,198,0.2039151712887439,0.2474747474747475,participated,
1976,Montreal,URU,Uruguay,165,mapped,,0.0,0.0,0.0,0.0,613,198,0.0,0.0,participated,
1976,Montreal,USA,United States,2,mapped,,34.0,35.0,25.0,94.0,613,198,0.1533442088091354,0.1717171717171717,participated,
1976,Montreal,VEN,Venezuela,101,mapped,,0.0,1.0,0.0,1.0,613,198,0.0016313213703099511,0.0,participated,
1976,Montreal,YUG,Yugoslavia,345,mapped,,2.0,3.0,3.0,8.0,613,198,0.013050570962479609,0.010101010101010102,participated,
1980,Moskva,AFG,Afghanistan,700,mapped,,0.0,0.0,0.0,0.0,631,204,0.0,0.0,participated,
1980,Moskva,ALG,Algeria,615,mapped,,0.0,0.0,0.0,0.0,631,204,0.0,0.0,participated,
1980,Moskva,AND,Andorra,,excluded_no_cshapes_geometry,No corresponding geometry is available in the adopted CShapes/Gleditsch-Ward sovereign-state basemap for this Olympic scope.,0.0,0.0,0.0,0.0,631,204,0.0,0.0,participated,
1980,Moskva,ANG,Angola,540,mapped,,0.0,0.0,0.0,0.0,631,204,0.0,0.0,participated,
1980,Moskva,AUS,Australia,900,mapped,,2.0,2.0,5.0,9.0,631,204,0.014263074484944533,0.00980392156862745,participated,
1980,Moskva,AUT,Austria,305,mapped,,1.0,2.0,1.0,4.0,631,204,0.006339144215530904,0.004901960784313725,participated,
1980,Moskva,BEL,Belgium,211,mapped,,1.0,0.0,0.0,1.0,631,204,0.001584786053882726,0.004901960784313725,participated,
1980,Moskva,BEN,Benin,434,mapped,,0.0,0.0,0.0,0.0,631,204,0.0,0.0,participated,
1980,Moskva,BOT,Botswana,571,mapped,,0.0,0.0,0.0,0.0,631,204,0.0,0.0,participated,
1980,Moskva,BRA,Brazil,140,mapped,,2.0,0.0,2.0,4.0,631,204,0.006339144215530904,0.00980392156862745,participated,
1980,Moskva,BUL,Bulgaria,355,mapped,,8.0,16.0,17.0,41.0,631,204,0.06497622820919176,0.0392156862745098,participated,
1980,Moskva,CGO,Congo (Brazzaville),484,mapped,,0.0,0.0,0.0,0.0,631,204,0.0,0.0,participated,
1980,Moskva,CMR,Cameroon,471,mapped,,0.0,0.0,0.0,0.0,631,204,0.0,0.0,participated,
1980,Moskva,COL,Colombia,100,mapped,,0.0,0.0,0.0,0.0,631,204,0.0,0.0,participated,
1980,Moskva,CRC,Costa Rica,94,mapped,,0.0,0.0,0.0,0.0,631,204,0.0,0.0,participated,
1980,Moskva,CUB,Cuba,40,mapped,,8.0,7.0,5.0,20.0,631,204,0.03169572107765452,0.0392156862745098,participated,
1980,Moskva,CYP,Cyprus,352,mapped,,0.0,0.0,0.0,0.0,631,204,0.0,0.0,participated,
1980,Moskva,DEN,Denmark,390,mapped,,2.0,1.0,2.0,5.0,631,204,0.00792393026941363,0.00980392156862745,participated,
1980,Moskva,DOM,Dominican Republic,42,mapped,,0.0,0.0,0.0,0.0,631,204,0.0,0.0,participated,
1980,Moskva,ECU,Ecuador,130,mapped,,0.0,0.0,0.0,0.0,631,204,0.0,0.0,participated,
1980,Moskva,ESP,Spain,230,mapped,,1.0,3.0,2.0,6.0,631,204,0.009508716323296355,0.004901960784313725,participated,
1980,Moskva,ETH,Ethiopia,530,mapped,,2.0,0.0,2.0,4.0,631,204,0.006339144215530904,0.00980392156862745,participated,
1980,Moskva,FIN,Finland,375,mapped,,3.0,1.0,4.0,8.0,631,204,0.012678288431061807,0.014705882352941176,participated,
1980,Moskva,FRA,France,220,mapped,,6.0,5.0,3.0,14.0,631,204,0.022187004754358162,0.029411764705882353,participated,
1980,Moskva,GBR,Great Britain,200,mapped,,5.0,7.0,9.0,21.0,631,204,0.03328050713153724,0.024509803921568627,participated,
1980,Moskva,GDR,East Germany,265,mapped,,47.0,37.0,42.0,126.0,631,204,0.19968304278922344,0.23039215686274508,participated,
1980,Moskva,GRE,Greece,350,mapped,,1.0,0.0,2.0,3.0,631,204,0.004754358161648178,0.004901960784313725,participated,
1980,Moskva,GUA,Guatemala,90,mapped,,0.0,0.0,0.0,0.0,631,204,0.0,0.0,participated,
1980,Moskva,GUI,Guinea,438,mapped,,0.0,0.0,0.0,0.0,631,204,0.0,0.0,participated,
1980,Moskva,GUY,Guyana,110,mapped,,0.0,0.0,1.0,1.0,631,204,0.001584786053882726,0.0,participated,
1980,Moskva,HUN,Hungary,310,mapped,,7.0,10.0,15.0,32.0,631,204,0.05071315372424723,0.03431372549019608,participated,
1980,Moskva,IND,India,750,mapped,,1.0,0.0,0.0,1.0,631,204,0.001584786053882726,0.004901960784313725,participated,
1980,Moskva,IRL,Ireland,205,mapped,,0.0,1.0,1.0,2.0,631,204,0.003169572107765452,0.0,participated,
1980,Moskva,IRQ,Iraq,645,mapped,,0.0,0.0,0.0,0.0,631,204,0.0,0.0,participated,
1980,Moskva,ISL,Iceland,395,mapped,,0.0,0.0,0.0,0.0,631,204,0.0,0.0,participated,
1980,Moskva,ITA,Italy,325,mapped,,8.0,3.0,4.0,15.0,631,204,0.02377179080824089,0.0392156862745098,participated,
1980,Moskva,JAM,Jamaica,51,mapped,,0.0,0.0,3.0,3.0,631,204,0.004754358161648178,0.0,participated,
1980,Moskva,JOR,Jordan,663,mapped,,0.0,0.0,0.0,0.0,631,204,0.0,0.0,participated,
1980,Moskva,KUW,Kuwait,690,mapped,,0.0,0.0,0.0,0.0,631,204,0.0,0.0,participated,
1980,Moskva,LAO,Laos,812,mapped,,0.0,0.0,0.0,0.0,631,204,0.0,0.0,participated,
1980,Moskva,LBA,Libya,620,mapped,,0.0,0.0,0.0,0.0,631,204,0.0,0.0,participated,
1980,Moskva,LES,Lesotho,570,mapped,,0.0,0.0,0.0,0.0,631,204,0.0,0.0,participated,
1980,Moskva,LIB,Lebanon,660,mapped,,0.0,0.0,1.0,1.0,631,204,0.001584786053882726,0.0,participated,
1980,Moskva,LUX,Luxembourg,212,mapped,,0.0,0.0,0.0,0.0,631,204,0.0,0.0,participated,
1980,Moskva,MAD,Madagascar,580,mapped,,0.0,0.0,0.0,0.0,631,204,0.0,0.0,participated,
1980,Moskva,MEX,Mexico,70,mapped,,0.0,1.0,3.0,4.0,631,204,0.006339144215530904,0.0,participated,
1980,Moskva,MGL,Mongolia,712,mapped,,0.0,2.0,2.0,4.0,631,204,0.006339144215530904,0.0,participated,
1980,Moskva,MLI,Mali,432,mapped,,0.0,0.0,0.0,0.0,631,204,0.0,0.0,participated,
1980,Moskva,MLT,Malta,338,mapped,,0.0,0.0,0.0,0.0,631,204,0.0,0.0,participated,
1980,Moskva,MOZ,Mozambique,541,mapped,,0.0,0.0,0.0,0.0,631,204,0.0,0.0,participated,
1980,Moskva,MYA,Myanmar,775,mapped,,0.0,0.0,0.0,0.0,631,204,0.0,0.0,participated,
1980,Moskva,NCA,Nicaragua,93,mapped,,0.0,0.0,0.0,0.0,631,204,0.0,0.0,participated,
1980,Moskva,NED,Netherlands,210,mapped,,0.0,1.0,2.0,3.0,631,204,0.004754358161648178,0.0,participated,
1980,Moskva,NEP,Nepal,790,mapped,,0.0,0.0,0.0,0.0,631,204,0.0,0.0,participated,
1980,Moskva,NGR,Nigeria,475,mapped,,0.0,0.0,0.0,0.0,631,204,0.0,0.0,participated,
1980,Moskva,NZL,New Zealand,920,mapped,,0.0,0.0,0.0,0.0,631,204,0.0,0.0,participated,
1980,Moskva,PER,Peru,135,mapped,,0.0,0.0,0.0,0.0,631,204,0.0,0.0,participated,
1980,Moskva,POL,Poland,290,mapped,,3.0,14.0,15.0,32.0,631,204,0.05071315372424723,0.014705882352941176,participated,
1980,Moskva,POR,Portugal,235,mapped,,0.0,0.0,0.0,0.0,631,204,0.0,0.0,participated,
1980,Moskva,PRK,North Korea,731,mapped,,0.0,3.0,2.0,5.0,631,204,0.00792393026941363,0.0,participated,
1980,Moskva,PUR,Puerto Rico,,excluded_non_sovereign,Olympic delegation does not correspond to an independent sovereign-state geometry in the adopted CShapes choropleth.,0.0,0.0,0.0,0.0,631,204,0.0,0.0,participated,
1980,Moskva,ROU,Romania,360,mapped,,6.0,6.0,13.0,25.0,631,204,0.039619651347068144,0.029411764705882353,participated,
1980,Moskva,SEN,Senegal,433,mapped,,0.0,0.0,0.0,0.0,631,204,0.0,0.0,participated,
1980,Moskva,SEY,Seychelles,,excluded_no_cshapes_geometry,No corresponding geometry is available in the adopted CShapes/Gleditsch-Ward sovereign-state basemap for this Olympic scope.,0.0,0.0,0.0,0.0,631,204,0.0,0.0,participated,
1980,Moskva,SLE,Sierra Leone,451,mapped,,0.0,0.0,0.0,0.0,631,204,0.0,0.0,participated,
1980,Moskva,SMR,San Marino,,excluded_no_cshapes_geometry,No corresponding geometry is available in the adopted CShapes/Gleditsch-Ward sovereign-state basemap for this Olympic scope.,0.0,0.0,0.0,0.0,631,204,0.0,0.0,participated,
1980,Moskva,SRI,Sri Lanka,780,mapped,,0.0,0.0,0.0,0.0,631,204,0.0,0.0,participated,
1980,Moskva,SUI,Switzerland,225,mapped,,2.0,0.0,0.0,2.0,631,204,0.003169572107765452,0.00980392156862745,participated,
1980,Moskva,SWE,Sweden,380,mapped,,3.0,3.0,6.0,12.0,631,204,0.01901743264659271,0.014705882352941176,participated,
1980,Moskva,SYR,Syria,652,mapped,,0.0,0.0,0.0,0.0,631,204,0.0,0.0,participated,
1980,Moskva,TAN,Tanzania,510,mapped,,0.0,2.0,0.0,2.0,631,204,0.003169572107765452,0.0,participated,
1980,Moskva,TCH,Czechoslovakia,315,mapped,,2.0,3.0,9.0,14.0,631,204,0.022187004754358162,0.00980392156862745,participated,
1980,Moskva,TTO,Trinidad and Tobago,52,mapped,,0.0,0.0,0.0,0.0,631,204,0.0,0.0,participated,
1980,Moskva,UGA,Uganda,500,mapped,,0.0,1.0,0.0,1.0,631,204,0.001584786053882726,0.0,participated,
1980,Moskva,URS,Soviet Union,365,mapped,,80.0,69.0,46.0,195.0,631,204,0.3090332805071315,0.39215686274509803,participated,
1980,Moskva,USA,United States,2,mapped,,,,,,631,204,,,boycott,USA
1980,Moskva,VEN,Venezuela,101,mapped,,0.0,1.0,0.0,1.0,631,204,0.001584786053882726,0.0,participated,
1980,Moskva,VIE,Vietnam,816,mapped,,0.0,0.0,0.0,0.0,631,204,0.0,0.0,participated,
1980,Moskva,YUG,Yugoslavia,345,mapped,,2.0,3.0,4.0,9.0,631,204,0.014263074484944533,0.00980392156862745,participated,
1980,Moskva,ZAM,Zambia,551,mapped,,0.0,0.0,0.0,0.0,631,204,0.0,0.0,participated,
1980,Moskva,ZIM,Zimbabwe,552,mapped,,1.0,0.0,0.0,1.0,631,204,0.001584786053882726,0.004901960784313725,participated,
1984,Los Angeles,AHO,Netherlands Antilles,,excluded_non_sovereign,Olympic delegation does not correspond to an independent sovereign-state geometry in the adopted CShapes choropleth.,0.0,0.0,0.0,0.0,685,224,0.0,0.0,participated,
1984,Los Angeles,ALG,Algeria,615,mapped,,0.0,0.0,2.0,2.0,685,224,0.00291970802919708,0.0,participated,
1984,Los Angeles,AND,Andorra,,excluded_no_cshapes_geometry,No corresponding geometry is available in the adopted CShapes/Gleditsch-Ward sovereign-state basemap for this Olympic scope.,0.0,0.0,0.0,0.0,685,224,0.0,0.0,participated,
1984,Los Angeles,ANT,Antigua and Barbuda,,excluded_no_cshapes_geometry,No corresponding geometry is available in the adopted CShapes/Gleditsch-Ward sovereign-state basemap for this Olympic scope.,0.0,0.0,0.0,0.0,685,224,0.0,0.0,participated,
1984,Los Angeles,ARG,Argentina,160,mapped,,0.0,0.0,0.0,0.0,685,224,0.0,0.0,participated,
1984,Los Angeles,AUS,Australia,900,mapped,,4.0,8.0,12.0,24.0,685,224,0.035036496350364967,0.017857142857142856,participated,
1984,Los Angeles,AUT,Austria,305,mapped,,1.0,1.0,1.0,3.0,685,224,0.004379562043795621,0.004464285714285714,participated,
1984,Los Angeles,BAH,Bahamas,31,mapped,,0.0,0.0,0.0,0.0,685,224,0.0,0.0,participated,
1984,Los Angeles,BAN,Bangladesh,771,mapped,,0.0,0.0,0.0,0.0,685,224,0.0,0.0,participated,
1984,Los Angeles,BAR,Barbados,53,mapped,,0.0,0.0,0.0,0.0,685,224,0.0,0.0,participated,
1984,Los Angeles,BEL,Belgium,211,mapped,,1.0,1.0,2.0,4.0,685,224,0.00583941605839416,0.004464285714285714,participated,
1984,Los Angeles,BEN,Benin,434,mapped,,0.0,0.0,0.0,0.0,685,224,0.0,0.0,participated,
1984,Los Angeles,BER,Bermuda,,excluded_non_sovereign,Olympic delegation does not correspond to an independent sovereign-state geometry in the adopted CShapes choropleth.,0.0,0.0,0.0,0.0,685,224,0.0,0.0,participated,
1984,Los Angeles,BHU,Bhutan,760,mapped,,0.0,0.0,0.0,0.0,685,224,0.0,0.0,participated,
1984,Los Angeles,BIZ,Belize,80,mapped,,0.0,0.0,0.0,0.0,685,224,0.0,0.0,participated,
1984,Los Angeles,BOL,Bolivia,145,mapped,,0.0,0.0,0.0,0.0,685,224,0.0,0.0,participated,
1984,Los Angeles,BOT,Botswana,571,mapped,,0.0,0.0,0.0,0.0,685,224,0.0,0.0,participated,
1984,Los Angeles,BRA,Brazil,140,mapped,,1.0,5.0,2.0,8.0,685,224,0.01167883211678832,0.004464285714285714,participated,
1984,Los Angeles,BRN,Bahrain,692,mapped,,0.0,0.0,0.0,0.0,685,224,0.0,0.0,participated,
1984,Los Angeles,CAF,Central African Republic,482,mapped,,0.0,0.0,0.0,0.0,685,224,0.0,0.0,participated,
1984,Los Angeles,CAN,Canada,20,mapped,,10.0,18.0,16.0,44.0,685,224,0.06423357664233577,0.044642857142857144,participated,
1984,Los Angeles,CAY,Cayman Islands,,excluded_non_sovereign,Olympic delegation does not correspond to an independent sovereign-state geometry in the adopted CShapes choropleth.,0.0,0.0,0.0,0.0,685,224,0.0,0.0,participated,
1984,Los Angeles,CGO,Congo (Brazzaville),484,mapped,,0.0,0.0,0.0,0.0,685,224,0.0,0.0,participated,
1984,Los Angeles,CHA,Chad,483,mapped,,0.0,0.0,0.0,0.0,685,224,0.0,0.0,participated,
1984,Los Angeles,CHI,Chile,155,mapped,,0.0,0.0,0.0,0.0,685,224,0.0,0.0,participated,
1984,Los Angeles,CHN,China,710,mapped,,15.0,8.0,9.0,32.0,685,224,0.04671532846715328,0.06696428571428571,participated,
1984,Los Angeles,CIV,Cote d'Ivoire,437,mapped,,0.0,1.0,0.0,1.0,685,224,0.00145985401459854,0.0,participated,
1984,Los Angeles,CMR,Cameroon,471,mapped,,0.0,0.0,1.0,1.0,685,224,0.00145985401459854,0.0,participated,
1984,Los Angeles,COD,Congo (Kinshasa),490,mapped,,0.0,0.0,0.0,0.0,685,224,0.0,0.0,participated,
1984,Los Angeles,COL,Colombia,100,mapped,,0.0,1.0,0.0,1.0,685,224,0.00145985401459854,0.0,participated,
1984,Los Angeles,CRC,Costa Rica,94,mapped,,0.0,0.0,0.0,0.0,685,224,0.0,0.0,participated,
1984,Los Angeles,CYP,Cyprus,352,mapped,,0.0,0.0,0.0,0.0,685,224,0.0,0.0,participated,
1984,Los Angeles,DEN,Denmark,390,mapped,,0.0,3.0,3.0,6.0,685,224,0.008759124087591242,0.0,participated,
1984,Los Angeles,DJI,Djibouti,522,mapped,,0.0,0.0,0.0,0.0,685,224,0.0,0.0,participated,
1984,Los Angeles,DOM,Dominican Republic,42,mapped,,0.0,0.0,1.0,1.0,685,224,0.00145985401459854,0.0,participated,
1984,Los Angeles,ECU,Ecuador,130,mapped,,0.0,0.0,0.0,0.0,685,224,0.0,0.0,participated,
1984,Los Angeles,EGY,Egypt,651,mapped,,0.0,1.0,0.0,1.0,685,224,0.00145985401459854,0.0,participated,
1984,Los Angeles,ESA,El Salvador,92,mapped,,0.0,0.0,0.0,0.0,685,224,0.0,0.0,participated,
1984,Los Angeles,ESP,Spain,230,mapped,,1.0,2.0,2.0,5.0,685,224,0.0072992700729927005,0.004464285714285714,participated,
1984,Los Angeles,FIJ,Fiji,950,mapped,,0.0,0.0,0.0,0.0,685,224,0.0,0.0,participated,
1984,Los Angeles,FIN,Finland,375,mapped,,4.0,2.0,6.0,12.0,685,224,0.017518248175182483,0.017857142857142856,participated,
1984,Los Angeles,FRA,France,220,mapped,,5.0,7.0,16.0,28.0,685,224,0.040875912408759124,0.022321428571428572,participated,
1984,Los Angeles,FRG,West Germany,260,mapped,,17.0,19.0,23.0,59.0,685,224,0.08613138686131387,0.07589285714285714,participated,
1984,Los Angeles,GAB,Gabon,481,mapped,,0.0,0.0,0.0,0.0,685,224,0.0,0.0,participated,
1984,Los Angeles,GAM,Gambia,420,mapped,,0.0,0.0,0.0,0.0,685,224,0.0,0.0,participated,
1984,Los Angeles,GBR,Great Britain,200,mapped,,5.0,11.0,21.0,37.0,685,224,0.05401459854014599,0.022321428571428572,participated,
1984,Los Angeles,GEQ,Equatorial Guinea,411,mapped,,0.0,0.0,0.0,0.0,685,224,0.0,0.0,participated,
1984,Los Angeles,GHA,Ghana,452,mapped,,0.0,0.0,0.0,0.0,685,224,0.0,0.0,participated,
1984,Los Angeles,GRE,Greece,350,mapped,,0.0,1.0,1.0,2.0,685,224,0.00291970802919708,0.0,participated,
1984,Los Angeles,GRN,Grenada,,excluded_no_cshapes_geometry,No corresponding geometry is available in the adopted CShapes/Gleditsch-Ward sovereign-state basemap for this Olympic scope.,0.0,0.0,0.0,0.0,685,224,0.0,0.0,participated,
1984,Los Angeles,GUA,Guatemala,90,mapped,,0.0,0.0,0.0,0.0,685,224,0.0,0.0,participated,
1984,Los Angeles,GUI,Guinea,438,mapped,,0.0,0.0,0.0,0.0,685,224,0.0,0.0,participated,
1984,Los Angeles,GUY,Guyana,110,mapped,,0.0,0.0,0.0,0.0,685,224,0.0,0.0,participated,
1984,Los Angeles,HAI,Haiti,41,mapped,,0.0,0.0,0.0,0.0,685,224,0.0,0.0,participated,
1984,Los Angeles,HKG,Hong Kong,,excluded_non_sovereign,Olympic delegation does not correspond to an independent sovereign-state geometry in the adopted CShapes choropleth.,0.0,0.0,0.0,0.0,685,224,0.0,0.0,participated,
1984,Los Angeles,HON,Honduras,91,mapped,,0.0,0.0,0.0,0.0,685,224,0.0,0.0,participated,
1984,Los Angeles,INA,Indonesia,850,mapped,,0.0,0.0,0.0,0.0,685,224,0.0,0.0,participated,
1984,Los Angeles,IND,India,750,mapped,,0.0,0.0,0.0,0.0,685,224,0.0,0.0,participated,
1984,Los Angeles,IRL,Ireland,205,mapped,,0.0,1.0,0.0,1.0,685,224,0.00145985401459854,0.0,participated,
1984,Los Angeles,IRQ,Iraq,645,mapped,,0.0,0.0,0.0,0.0,685,224,0.0,0.0,participated,
1984,Los Angeles,ISL,Iceland,395,mapped,,0.0,0.0,1.0,1.0,685,224,0.00145985401459854,0.0,participated,
1984,Los Angeles,ISR,Israel,666,mapped,,0.0,0.0,0.0,0.0,685,224,0.0,0.0,participated,
1984,Los Angeles,ISV,United States Virgin Islands,,excluded_non_sovereign,Olympic delegation does not correspond to an independent sovereign-state geometry in the adopted CShapes choropleth.,0.0,0.0,0.0,0.0,685,224,0.0,0.0,participated,
1984,Los Angeles,ITA,Italy,325,mapped,,14.0,6.0,12.0,32.0,685,224,0.04671532846715328,0.0625,participated,
1984,Los Angeles,IVB,British Virgin Islands,,excluded_non_sovereign,Olympic delegation does not correspond to an independent sovereign-state geometry in the adopted CShapes choropleth.,0.0,0.0,0.0,0.0,685,224,0.0,0.0,participated,
1984,Los Angeles,JAM,Jamaica,51,mapped,,0.0,1.0,2.0,3.0,685,224,0.004379562043795621,0.0,participated,
1984,Los Angeles,JOR,Jordan,663,mapped,,0.0,0.0,0.0,0.0,685,224,0.0,0.0,participated,
1984,Los Angeles,JPN,Japan,740,mapped,,10.0,7.0,14.0,31.0,685,224,0.04525547445255475,0.044642857142857144,participated,
1984,Los Angeles,KEN,Kenya,501,mapped,,1.0,0.0,2.0,3.0,685,224,0.004379562043795621,0.004464285714285714,participated,
1984,Los Angeles,KOR,South Korea,732,mapped,,6.0,6.0,7.0,19.0,685,224,0.027737226277372264,0.026785714285714284,participated,
1984,Los Angeles,KSA,Saudi Arabia,670,mapped,,0.0,0.0,0.0,0.0,685,224,0.0,0.0,participated,
1984,Los Angeles,KUW,Kuwait,690,mapped,,0.0,0.0,0.0,0.0,685,224,0.0,0.0,participated,
1984,Los Angeles,LBR,Liberia,450,mapped,,0.0,0.0,0.0,0.0,685,224,0.0,0.0,participated,
1984,Los Angeles,LES,Lesotho,570,mapped,,0.0,0.0,0.0,0.0,685,224,0.0,0.0,participated,
1984,Los Angeles,LIB,Lebanon,660,mapped,,0.0,0.0,0.0,0.0,685,224,0.0,0.0,participated,
1984,Los Angeles,LIE,Liechtenstein,,excluded_no_cshapes_geometry,No corresponding geometry is available in the adopted CShapes/Gleditsch-Ward sovereign-state basemap for this Olympic scope.,0.0,0.0,0.0,0.0,685,224,0.0,0.0,participated,
1984,Los Angeles,LUX,Luxembourg,212,mapped,,0.0,0.0,0.0,0.0,685,224,0.0,0.0,participated,
1984,Los Angeles,MAD,Madagascar,580,mapped,,0.0,0.0,0.0,0.0,685,224,0.0,0.0,participated,
1984,Los Angeles,MAR,Morocco,600,mapped,,2.0,0.0,0.0,2.0,685,224,0.00291970802919708,0.008928571428571428,participated,
1984,Los Angeles,MAS,Malaysia,820,mapped,,0.0,0.0,0.0,0.0,685,224,0.0,0.0,participated,
1984,Los Angeles,MAW,Malawi,553,mapped,,0.0,0.0,0.0,0.0,685,224,0.0,0.0,participated,
1984,Los Angeles,MEX,Mexico,70,mapped,,2.0,3.0,1.0,6.0,685,224,0.008759124087591242,0.008928571428571428,participated,
1984,Los Angeles,MLI,Mali,432,mapped,,0.0,0.0,0.0,0.0,685,224,0.0,0.0,participated,
1984,Los Angeles,MLT,Malta,338,mapped,,0.0,0.0,0.0,0.0,685,224,0.0,0.0,participated,
1984,Los Angeles,MON,Monaco,,excluded_no_cshapes_geometry,No corresponding geometry is available in the adopted CShapes/Gleditsch-Ward sovereign-state basemap for this Olympic scope.,0.0,0.0,0.0,0.0,685,224,0.0,0.0,participated,
1984,Los Angeles,MOZ,Mozambique,541,mapped,,0.0,0.0,0.0,0.0,685,224,0.0,0.0,participated,
1984,Los Angeles,MRI,Mauritius,590,mapped,,0.0,0.0,0.0,0.0,685,224,0.0,0.0,participated,
1984,Los Angeles,MTN,Mauritania,435,mapped,,0.0,0.0,0.0,0.0,685,224,0.0,0.0,participated,
1984,Los Angeles,MYA,Myanmar,775,mapped,,0.0,0.0,0.0,0.0,685,224,0.0,0.0,participated,
1984,Los Angeles,NCA,Nicaragua,93,mapped,,0.0,0.0,0.0,0.0,685,224,0.0,0.0,participated,
1984,Los Angeles,NED,Netherlands,210,mapped,,5.0,2.0,6.0,13.0,685,224,0.01897810218978102,0.022321428571428572,participated,
1984,Los Angeles,NEP,Nepal,790,mapped,,0.0,0.0,0.0,0.0,685,224,0.0,0.0,participated,
1984,Los Angeles,NGR,Nigeria,475,mapped,,0.0,1.0,1.0,2.0,685,224,0.00291970802919708,0.0,participated,
1984,Los Angeles,NIG,Niger,436,mapped,,0.0,0.0,0.0,0.0,685,224,0.0,0.0,participated,
1984,Los Angeles,NOR,Norway,385,mapped,,0.0,1.0,2.0,3.0,685,224,0.004379562043795621,0.0,participated,
1984,Los Angeles,NZL,New Zealand,920,mapped,,8.0,1.0,2.0,11.0,685,224,0.016058394160583942,0.03571428571428571,participated,
1984,Los Angeles,OMA,Oman,698,mapped,,0.0,0.0,0.0,0.0,685,224,0.0,0.0,participated,
1984,Los Angeles,PAK,Pakistan,770,mapped,,1.0,0.0,0.0,1.0,685,224,0.00145985401459854,0.004464285714285714,participated,
1984,Los Angeles,PAN,Panama,95,mapped,,0.0,0.0,0.0,0.0,685,224,0.0,0.0,participated,
1984,Los Angeles,PAR,Paraguay,150,mapped,,0.0,0.0,0.0,0.0,685,224,0.0,0.0,participated,
1984,Los Angeles,PER,Peru,135,mapped,,0.0,1.0,0.0,1.0,685,224,0.00145985401459854,0.0,participated,
1984,Los Angeles,PHI,Philippines,840,mapped,,0.0,0.0,0.0,0.0,685,224,0.0,0.0,participated,
1984,Los Angeles,PNG,Papua New Guinea,910,mapped,,0.0,0.0,0.0,0.0,685,224,0.0,0.0,participated,
1984,Los Angeles,POR,Portugal,235,mapped,,1.0,0.0,2.0,3.0,685,224,0.004379562043795621,0.004464285714285714,participated,
1984,Los Angeles,PUR,Puerto Rico,,excluded_non_sovereign,Olympic delegation does not correspond to an independent sovereign-state geometry in the adopted CShapes choropleth.,0.0,1.0,1.0,2.0,685,224,0.00291970802919708,0.0,participated,
1984,Los Angeles,QAT,Qatar,694,mapped,,0.0,0.0,0.0,0.0,685,224,0.0,0.0,participated,
1984,Los Angeles,ROU,Romania,360,mapped,,19.0,16.0,17.0,52.0,685,224,0.07591240875912408,0.08482142857142858,participated,
1984,Los Angeles,RWA,Rwanda,517,mapped,,0.0,0.0,0.0,0.0,685,224,0.0,0.0,participated,
1984,Los Angeles,SAM,Samoa,,excluded_no_cshapes_geometry,No corresponding geometry is available in the adopted CShapes/Gleditsch-Ward sovereign-state basemap for this Olympic scope.,0.0,0.0,0.0,0.0,685,224,0.0,0.0,participated,
1984,Los Angeles,SEN,Senegal,433,mapped,,0.0,0.0,0.0,0.0,685,224,0.0,0.0,participated,
1984,Los Angeles,SEY,Seychelles,,excluded_no_cshapes_geometry,No corresponding geometry is available in the adopted CShapes/Gleditsch-Ward sovereign-state basemap for this Olympic scope.,0.0,0.0,0.0,0.0,685,224,0.0,0.0,participated,
1984,Los Angeles,SGP,Singapore,830,mapped,,0.0,0.0,0.0,0.0,685,224,0.0,0.0,participated,
1984,Los Angeles,SLE,Sierra Leone,451,mapped,,0.0,0.0,0.0,0.0,685,224,0.0,0.0,participated,
1984,Los Angeles,SMR,San Marino,,excluded_no_cshapes_geometry,No corresponding geometry is available in the adopted CShapes/Gleditsch-Ward sovereign-state basemap for this Olympic scope.,0.0,0.0,0.0,0.0,685,224,0.0,0.0,participated,
1984,Los Angeles,SOL,Solomon Islands,940,mapped,,0.0,0.0,0.0,0.0,685,224,0.0,0.0,participated,
1984,Los Angeles,SOM,Somalia,520,mapped,,0.0,0.0,0.0,0.0,685,224,0.0,0.0,participated,
1984,Los Angeles,SRI,Sri Lanka,780,mapped,,0.0,0.0,0.0,0.0,685,224,0.0,0.0,participated,
1984,Los Angeles,SUD,Sudan,625,mapped,,0.0,0.0,0.0,0.0,685,224,0.0,0.0,participated,
1984,Los Angeles,SUI,Switzerland,225,mapped,,0.0,4.0,4.0,8.0,685,224,0.01167883211678832,0.0,participated,
1984,Los Angeles,SUR,Suriname,115,mapped,,0.0,0.0,0.0,0.0,685,224,0.0,0.0,participated,
1984,Los Angeles,SWE,Sweden,380,mapped,,2.0,11.0,6.0,19.0,685,224,0.027737226277372264,0.008928571428571428,participated,
1984,Los Angeles,SWZ,Swaziland,572,mapped,,0.0,0.0,0.0,0.0,685,224,0.0,0.0,participated,
1984,Los Angeles,SYR,Syria,652,mapped,,0.0,1.0,0.0,1.0,685,224,0.00145985401459854,0.0,participated,
1984,Los Angeles,TAN,Tanzania,510,mapped,,0.0,0.0,0.0,0.0,685,224,0.0,0.0,participated,
1984,Los Angeles,TGA,Tonga,,excluded_no_cshapes_geometry,No corresponding geometry is available in the adopted CShapes/Gleditsch-Ward sovereign-state basemap for this Olympic scope.,0.0,0.0,0.0,0.0,685,224,0.0,0.0,participated,
1984,Los Angeles,THA,Thailand,800,mapped,,0.0,1.0,0.0,1.0,685,224,0.00145985401459854,0.0,participated,
1984,Los Angeles,TOG,Togo,461,mapped,,0.0,0.0,0.0,0.0,685,224,0.0,0.0,participated,
1984,Los Angeles,TPE,Chinese Taipei,713,mapped,,0.0,0.0,1.0,1.0,685,224,0.00145985401459854,0.0,participated,
1984,Los Angeles,TTO,Trinidad and Tobago,52,mapped,,0.0,0.0,0.0,0.0,685,224,0.0,0.0,participated,
1984,Los Angeles,TUN,Tunisia,616,mapped,,0.0,0.0,0.0,0.0,685,224,0.0,0.0,participated,
1984,Los Angeles,TUR,Turkey,640,mapped,,0.0,0.0,3.0,3.0,685,224,0.004379562043795621,0.0,participated,
1984,Los Angeles,UAE,United Arab Emirates,696,mapped,,0.0,0.0,0.0,0.0,685,224,0.0,0.0,participated,
1984,Los Angeles,UGA,Uganda,500,mapped,,0.0,0.0,0.0,0.0,685,224,0.0,0.0,participated,
1984,Los Angeles,URS,Soviet Union,365,mapped,,,,,,685,224,,,boycott,URS
1984,Los Angeles,URU,Uruguay,165,mapped,,0.0,0.0,0.0,0.0,685,224,0.0,0.0,participated,
1984,Los Angeles,USA,United States,2,mapped,,82.0,61.0,30.0,173.0,685,224,0.25255474452554744,0.36607142857142855,participated,
1984,Los Angeles,VEN,Venezuela,101,mapped,,0.0,0.0,3.0,3.0,685,224,0.004379562043795621,0.0,participated,
1984,Los Angeles,YAR,North Yemen,678,mapped,,0.0,0.0,0.0,0.0,685,224,0.0,0.0,participated,
1984,Los Angeles,YUG,Yugoslavia,345,mapped,,7.0,4.0,7.0,18.0,685,224,0.026277372262773723,0.03125,participated,
1984,Los Angeles,ZAM,Zambia,551,mapped,,0.0,0.0,1.0,1.0,685,224,0.00145985401459854,0.0,participated,
1984,Los Angeles,ZIM,Zimbabwe,552,mapped,,0.0,0.0,0.0,0.0,685,224,0.0,0.0,participated,
1988,Seoul,AFG,Afghanistan,700,mapped,,0.0,0.0,0.0,0.0,738,240,0.0,0.0,participated,
1988,Seoul,AHO,Netherlands Antilles,,excluded_non_sovereign,Olympic delegation does not correspond to an independent sovereign-state geometry in the adopted CShapes choropleth.,0.0,1.0,0.0,1.0,738,240,0.0013550135501355014,0.0,participated,
1988,Seoul,ALG,Algeria,615,mapped,,0.0,0.0,0.0,0.0,738,240,0.0,0.0,participated,
1988,Seoul,AND,Andorra,,excluded_no_cshapes_geometry,No corresponding geometry is available in the adopted CShapes/Gleditsch-Ward sovereign-state basemap for this Olympic scope.,0.0,0.0,0.0,0.0,738,240,0.0,0.0,participated,
1988,Seoul,ANG,Angola,540,mapped,,0.0,0.0,0.0,0.0,738,240,0.0,0.0,participated,
1988,Seoul,ANT,Antigua and Barbuda,,excluded_no_cshapes_geometry,No corresponding geometry is available in the adopted CShapes/Gleditsch-Ward sovereign-state basemap for this Olympic scope.,0.0,0.0,0.0,0.0,738,240,0.0,0.0,participated,
1988,Seoul,ARG,Argentina,160,mapped,,0.0,1.0,1.0,2.0,738,240,0.0027100271002710027,0.0,participated,
1988,Seoul,ARU,Aruba,,excluded_non_sovereign,Olympic delegation does not correspond to an independent sovereign-state geometry in the adopted CShapes choropleth.,0.0,0.0,0.0,0.0,738,240,0.0,0.0,participated,
1988,Seoul,ASA,American Samoa,,excluded_non_sovereign,Olympic delegation does not correspond to an independent sovereign-state geometry in the adopted CShapes choropleth.,0.0,0.0,0.0,0.0,738,240,0.0,0.0,participated,
1988,Seoul,AUS,Australia,900,mapped,,3.0,6.0,5.0,14.0,738,240,0.018970189701897018,0.0125,participated,
1988,Seoul,AUT,Austria,305,mapped,,1.0,0.0,0.0,1.0,738,240,0.0013550135501355014,0.004166666666666667,participated,
1988,Seoul,BAH,Bahamas,31,mapped,,0.0,0.0,0.0,0.0,738,240,0.0,0.0,participated,
1988,Seoul,BAN,Bangladesh,771,mapped,,0.0,0.0,0.0,0.0,738,240,0.0,0.0,participated,
1988,Seoul,BAR,Barbados,53,mapped,,0.0,0.0,0.0,0.0,738,240,0.0,0.0,participated,
1988,Seoul,BEL,Belgium,211,mapped,,0.0,0.0,2.0,2.0,738,240,0.0027100271002710027,0.0,participated,
1988,Seoul,BEN,Benin,434,mapped,,0.0,0.0,0.0,0.0,738,240,0.0,0.0,participated,
1988,Seoul,BER,Bermuda,,excluded_non_sovereign,Olympic delegation does not correspond to an independent sovereign-state geometry in the adopted CShapes choropleth.,0.0,0.0,0.0,0.0,738,240,0.0,0.0,participated,
1988,Seoul,BHU,Bhutan,760,mapped,,0.0,0.0,0.0,0.0,738,240,0.0,0.0,participated,
1988,Seoul,BIZ,Belize,80,mapped,,0.0,0.0,0.0,0.0,738,240,0.0,0.0,participated,
1988,Seoul,BOL,Bolivia,145,mapped,,0.0,0.0,0.0,0.0,738,240,0.0,0.0,participated,
1988,Seoul,BOT,Botswana,571,mapped,,0.0,0.0,0.0,0.0,738,240,0.0,0.0,participated,
1988,Seoul,BRA,Brazil,140,mapped,,1.0,2.0,3.0,6.0,738,240,0.008130081300813009,0.004166666666666667,participated,
1988,Seoul,BRN,Bahrain,692,mapped,,0.0,0.0,0.0,0.0,738,240,0.0,0.0,participated,
1988,Seoul,BUL,Bulgaria,355,mapped,,10.0,12.0,13.0,35.0,738,240,0.04742547425474255,0.041666666666666664,participated,
1988,Seoul,BUR,Burkina Faso,439,mapped,,0.0,0.0,0.0,0.0,738,240,0.0,0.0,participated,
1988,Seoul,CAF,Central African Republic,482,mapped,,0.0,0.0,0.0,0.0,738,240,0.0,0.0,participated,
1988,Seoul,CAN,Canada,20,mapped,,3.0,2.0,5.0,10.0,738,240,0.013550135501355014,0.0125,participated,
1988,Seoul,CAY,Cayman Islands,,excluded_non_sovereign,Olympic delegation does not correspond to an independent sovereign-state geometry in the adopted CShapes choropleth.,0.0,0.0,0.0,0.0,738,240,0.0,0.0,participated,
1988,Seoul,CGO,Congo (Brazzaville),484,mapped,,0.0,0.0,0.0,0.0,738,240,0.0,0.0,participated,
1988,Seoul,CHA,Chad,483,mapped,,0.0,0.0,0.0,0.0,738,240,0.0,0.0,participated,
1988,Seoul,CHI,Chile,155,mapped,,0.0,1.0,0.0,1.0,738,240,0.0013550135501355014,0.0,participated,
1988,Seoul,CHN,China,710,mapped,,5.0,11.0,12.0,28.0,738,240,0.037940379403794036,0.020833333333333332,participated,
1988,Seoul,CIV,Cote d'Ivoire,437,mapped,,0.0,0.0,0.0,0.0,738,240,0.0,0.0,participated,
1988,Seoul,CMR,Cameroon,471,mapped,,0.0,0.0,0.0,0.0,738,240,0.0,0.0,participated,
1988,Seoul,COD,Congo (Kinshasa),490,mapped,,0.0,0.0,0.0,0.0,738,240,0.0,0.0,participated,
1988,Seoul,COK,Cook Islands,,excluded_non_sovereign,Olympic delegation does not correspond to an independent sovereign-state geometry in the adopted CShapes choropleth.,0.0,0.0,0.0,0.0,738,240,0.0,0.0,participated,
1988,Seoul,COL,Colombia,100,mapped,,0.0,0.0,1.0,1.0,738,240,0.0013550135501355014,0.0,participated,
1988,Seoul,CRC,Costa Rica,94,mapped,,0.0,1.0,0.0,1.0,738,240,0.0013550135501355014,0.0,participated,
1988,Seoul,CYP,Cyprus,352,mapped,,0.0,0.0,0.0,0.0,738,240,0.0,0.0,participated,
1988,Seoul,DEN,Denmark,390,mapped,,2.0,1.0,1.0,4.0,738,240,0.005420054200542005,0.008333333333333333,participated,
1988,Seoul,DJI,Djibouti,522,mapped,,0.0,0.0,1.0,1.0,738,240,0.0013550135501355014,0.0,participated,
1988,Seoul,DOM,Dominican Republic,42,mapped,,0.0,0.0,0.0,0.0,738,240,0.0,0.0,participated,
1988,Seoul,ECU,Ecuador,130,mapped,,0.0,0.0,0.0,0.0,738,240,0.0,0.0,participated,
1988,Seoul,EGY,Egypt,651,mapped,,0.0,0.0,0.0,0.0,738,240,0.0,0.0,participated,
1988,Seoul,ESA,El Salvador,92,mapped,,0.0,0.0,0.0,0.0,738,240,0.0,0.0,participated,
1988,Seoul,ESP,Spain,230,mapped,,1.0,1.0,2.0,4.0,738,240,0.005420054200542005,0.004166666666666667,participated,
1988,Seoul,FIJ,Fiji,950,mapped,,0.0,0.0,0.0,0.0,738,240,0.0,0.0,participated,
1988,Seoul,FIN,Finland,375,mapped,,1.0,1.0,2.0,4.0,738,240,0.005420054200542005,0.004166666666666667,participated,
1988,Seoul,FRA,France,220,mapped,,6.0,4.0,6.0,16.0,738,240,0.02168021680216802,0.025,participated,
1988,Seoul,FRG,West Germany,260,mapped,,11.0,14.0,15.0,40.0,738,240,0.05420054200542006,0.04583333333333333,participated,
1988,Seoul,GAB,Gabon,481,mapped,,0.0,0.0,0.0,0.0,738,240,0.0,0.0,participated,
1988,Seoul,GAM,Gambia,420,mapped,,0.0,0.0,0.0,0.0,738,240,0.0,0.0,participated,
1988,Seoul,GBR,Great Britain,200,mapped,,5.0,10.0,9.0,24.0,738,240,0.032520325203252036,0.020833333333333332,participated,
1988,Seoul,GDR,East Germany,265,mapped,,37.0,35.0,30.0,102.0,738,240,0.13821138211382114,0.15416666666666667,participated,
1988,Seoul,GEQ,Equatorial Guinea,411,mapped,,0.0,0.0,0.0,0.0,738,240,0.0,0.0,participated,
1988,Seoul,GHA,Ghana,452,mapped,,0.0,0.0,0.0,0.0,738,240,0.0,0.0,participated,
1988,Seoul,GRE,Greece,350,mapped,,0.0,0.0,1.0,1.0,738,240,0.0013550135501355014,0.0,participated,
1988,Seoul,GRN,Grenada,,excluded_no_cshapes_geometry,No corresponding geometry is available in the adopted CShapes/Gleditsch-Ward sovereign-state basemap for this Olympic scope.,0.0,0.0,0.0,0.0,738,240,0.0,0.0,participated,
1988,Seoul,GUA,Guatemala,90,mapped,,0.0,0.0,0.0,0.0,738,240,0.0,0.0,participated,
1988,Seoul,GUI,Guinea,438,mapped,,0.0,0.0,0.0,0.0,738,240,0.0,0.0,participated,
1988,Seoul,GUM,Guam,,excluded_non_sovereign,Olympic delegation does not correspond to an independent sovereign-state geometry in the adopted CShapes choropleth.,0.0,0.0,0.0,0.0,738,240,0.0,0.0,participated,
1988,Seoul,GUY,Guyana,110,mapped,,0.0,0.0,0.0,0.0,738,240,0.0,0.0,participated,
1988,Seoul,HAI,Haiti,41,mapped,,0.0,0.0,0.0,0.0,738,240,0.0,0.0,participated,
1988,Seoul,HKG,Hong Kong,,excluded_non_sovereign,Olympic delegation does not correspond to an independent sovereign-state geometry in the adopted CShapes choropleth.,0.0,0.0,0.0,0.0,738,240,0.0,0.0,participated,
1988,Seoul,HON,Honduras,91,mapped,,0.0,0.0,0.0,0.0,738,240,0.0,0.0,participated,
1988,Seoul,HUN,Hungary,310,mapped,,11.0,6.0,6.0,23.0,738,240,0.03116531165311653,0.04583333333333333,participated,
1988,Seoul,INA,Indonesia,850,mapped,,0.0,1.0,0.0,1.0,738,240,0.0013550135501355014,0.0,participated,
1988,Seoul,IND,India,750,mapped,,0.0,0.0,0.0,0.0,738,240,0.0,0.0,participated,
1988,Seoul,IRI,Iran,630,mapped,,0.0,1.0,0.0,1.0,738,240,0.0013550135501355014,0.0,participated,
1988,Seoul,IRL,Ireland,205,mapped,,0.0,0.0,0.0,0.0,738,240,0.0,0.0,participated,
1988,Seoul,IRQ,Iraq,645,mapped,,0.0,0.0,0.0,0.0,738,240,0.0,0.0,participated,
1988,Seoul,ISL,Iceland,395,mapped,,0.0,0.0,0.0,0.0,738,240,0.0,0.0,participated,
1988,Seoul,ISR,Israel,666,mapped,,0.0,0.0,0.0,0.0,738,240,0.0,0.0,participated,
1988,Seoul,ISV,United States Virgin Islands,,excluded_non_sovereign,Olympic delegation does not correspond to an independent sovereign-state geometry in the adopted CShapes choropleth.,0.0,1.0,0.0,1.0,738,240,0.0013550135501355014,0.0,participated,
1988,Seoul,ITA,Italy,325,mapped,,6.0,4.0,4.0,14.0,738,240,0.018970189701897018,0.025,participated,
1988,Seoul,IVB,British Virgin Islands,,excluded_non_sovereign,Olympic delegation does not correspond to an independent sovereign-state geometry in the adopted CShapes choropleth.,0.0,0.0,0.0,0.0,738,240,0.0,0.0,participated,
1988,Seoul,JAM,Jamaica,51,mapped,,0.0,2.0,0.0,2.0,738,240,0.0027100271002710027,0.0,participated,
1988,Seoul,JOR,Jordan,663,mapped,,0.0,0.0,0.0,0.0,738,240,0.0,0.0,participated,
1988,Seoul,JPN,Japan,740,mapped,,4.0,3.0,7.0,14.0,738,240,0.018970189701897018,0.016666666666666666,participated,
1988,Seoul,KEN,Kenya,501,mapped,,5.0,2.0,2.0,9.0,738,240,0.012195121951219513,0.020833333333333332,participated,
1988,Seoul,KOR,South Korea,732,mapped,,12.0,10.0,11.0,33.0,738,240,0.044715447154471545,0.05,participated,
1988,Seoul,KSA,Saudi Arabia,670,mapped,,0.0,0.0,0.0,0.0,738,240,0.0,0.0,participated,
1988,Seoul,KUW,Kuwait,690,mapped,,0.0,0.0,0.0,0.0,738,240,0.0,0.0,participated,
1988,Seoul,LAO,Laos,812,mapped,,0.0,0.0,0.0,0.0,738,240,0.0,0.0,participated,
1988,Seoul,LBA,Libya,620,mapped,,0.0,0.0,0.0,0.0,738,240,0.0,0.0,participated,
1988,Seoul,LBR,Liberia,450,mapped,,0.0,0.0,0.0,0.0,738,240,0.0,0.0,participated,
1988,Seoul,LES,Lesotho,570,mapped,,0.0,0.0,0.0,0.0,738,240,0.0,0.0,participated,
1988,Seoul,LIB,Lebanon,660,mapped,,0.0,0.0,0.0,0.0,738,240,0.0,0.0,participated,
1988,Seoul,LIE,Liechtenstein,,excluded_no_cshapes_geometry,No corresponding geometry is available in the adopted CShapes/Gleditsch-Ward sovereign-state basemap for this Olympic scope.,0.0,0.0,0.0,0.0,738,240,0.0,0.0,participated,
1988,Seoul,LUX,Luxembourg,212,mapped,,0.0,0.0,0.0,0.0,738,240,0.0,0.0,participated,
1988,Seoul,MAR,Morocco,600,mapped,,1.0,0.0,2.0,3.0,738,240,0.0040650406504065045,0.004166666666666667,participated,
1988,Seoul,MAS,Malaysia,820,mapped,,0.0,0.0,0.0,0.0,738,240,0.0,0.0,participated,
1988,Seoul,MAW,Malawi,553,mapped,,0.0,0.0,0.0,0.0,738,240,0.0,0.0,participated,
1988,Seoul,MDV,Maldives,781,mapped,,0.0,0.0,0.0,0.0,738,240,0.0,0.0,participated,
1988,Seoul,MEX,Mexico,70,mapped,,0.0,0.0,2.0,2.0,738,240,0.0027100271002710027,0.0,participated,
1988,Seoul,MGL,Mongolia,712,mapped,,0.0,0.0,1.0,1.0,738,240,0.0013550135501355014,0.0,participated,
1988,Seoul,MLI,Mali,432,mapped,,0.0,0.0,0.0,0.0,738,240,0.0,0.0,participated,
1988,Seoul,MLT,Malta,338,mapped,,0.0,0.0,0.0,0.0,738,240,0.0,0.0,participated,
1988,Seoul,MON,Monaco,,excluded_no_cshapes_geometry,No corresponding geometry is available in the adopted CShapes/Gleditsch-Ward sovereign-state basemap for this Olympic scope.,0.0,0.0,0.0,0.0,738,240,0.0,0.0,participated,
1988,Seoul,MOZ,Mozambique,541,mapped,,0.0,0.0,0.0,0.0,738,240,0.0,0.0,participated,
1988,Seoul,MRI,Mauritius,590,mapped,,0.0,0.0,0.0,0.0,738,240,0.0,0.0,participated,
1988,Seoul,MTN,Mauritania,435,mapped,,0.0,0.0,0.0,0.0,738,240,0.0,0.0,participated,
1988,Seoul,MYA,Myanmar,775,mapped,,0.0,0.0,0.0,0.0,738,240,0.0,0.0,participated,
1988,Seoul,NED,Netherlands,210,mapped,,2.0,2.0,5.0,9.0,738,240,0.012195121951219513,0.008333333333333333,participated,
1988,Seoul,NEP,Nepal,790,mapped,,0.0,0.0,0.0,0.0,738,240,0.0,0.0,participated,
1988,Seoul,NGR,Nigeria,475,mapped,,0.0,0.0,0.0,0.0,738,240,0.0,0.0,participated,
1988,Seoul,NIG,Niger,436,mapped,,0.0,0.0,0.0,0.0,738,240,0.0,0.0,participated,
1988,Seoul,NOR,Norway,385,mapped,,2.0,3.0,0.0,5.0,738,240,0.006775067750677507,0.008333333333333333,participated,
1988,Seoul,NZL,New Zealand,920,mapped,,3.0,2.0,8.0,13.0,738,240,0.017615176151761516,0.0125,participated,
1988,Seoul,OMA,Oman,698,mapped,,0.0,0.0,0.0,0.0,738,240,0.0,0.0,participated,
1988,Seoul,PAK,Pakistan,770,mapped,,0.0,0.0,1.0,1.0,738,240,0.0013550135501355014,0.0,participated,
1988,Seoul,PAN,Panama,95,mapped,,0.0,0.0,0.0,0.0,738,240,0.0,0.0,participated,
1988,Seoul,PAR,Paraguay,150,mapped,,0.0,0.0,0.0,0.0,738,240,0.0,0.0,participated,
1988,Seoul,PER,Peru,135,mapped,,0.0,1.0,0.0,1.0,738,240,0.0013550135501355014,0.0,participated,
1988,Seoul,PHI,Philippines,840,mapped,,0.0,0.0,1.0,1.0,738,240,0.0013550135501355014,0.0,participated,
1988,Seoul,PNG,Papua New Guinea,910,mapped,,0.0,0.0,0.0,0.0,738,240,0.0,0.0,participated,
1988,Seoul,POL,Poland,290,mapped,,2.0,5.0,9.0,16.0,738,240,0.02168021680216802,0.008333333333333333,participated,
1988,Seoul,POR,Portugal,235,mapped,,1.0,0.0,0.0,1.0,738,240,0.0013550135501355014,0.004166666666666667,participated,
1988,Seoul,PUR,Puerto Rico,,excluded_non_sovereign,Olympic delegation does not correspond to an independent sovereign-state geometry in the adopted CShapes choropleth.,0.0,0.0,0.0,0.0,738,240,0.0,0.0,participated,
1988,Seoul,QAT,Qatar,694,mapped,,0.0,0.0,0.0,0.0,738,240,0.0,0.0,participated,
1988,Seoul,ROU,Romania,360,mapped,,7.0,11.0,6.0,24.0,738,240,0.032520325203252036,0.029166666666666667,participated,
1988,Seoul,RWA,Rwanda,517,mapped,,0.0,0.0,0.0,0.0,738,240,0.0,0.0,participated,
1988,Seoul,SAM,Samoa,,excluded_no_cshapes_geometry,No corresponding geometry is available in the adopted CShapes/Gleditsch-Ward sovereign-state basemap for this Olympic scope.,0.0,0.0,0.0,0.0,738,240,0.0,0.0,participated,
1988,Seoul,SEN,Senegal,433,mapped,,0.0,1.0,0.0,1.0,738,240,0.0013550135501355014,0.0,participated,
1988,Seoul,SGP,Singapore,830,mapped,,0.0,0.0,0.0,0.0,738,240,0.0,0.0,participated,
1988,Seoul,SLE,Sierra Leone,451,mapped,,0.0,0.0,0.0,0.0,738,240,0.0,0.0,participated,
1988,Seoul,SMR,San Marino,,excluded_no_cshapes_geometry,No corresponding geometry is available in the adopted CShapes/Gleditsch-Ward sovereign-state basemap for this Olympic scope.,0.0,0.0,0.0,0.0,738,240,0.0,0.0,participated,
1988,Seoul,SOL,Solomon Islands,940,mapped,,0.0,0.0,0.0,0.0,738,240,0.0,0.0,participated,
1988,Seoul,SOM,Somalia,520,mapped,,0.0,0.0,0.0,0.0,738,240,0.0,0.0,participated,
1988,Seoul,SRI,Sri Lanka,780,mapped,,0.0,0.0,0.0,0.0,738,240,0.0,0.0,participated,
1988,Seoul,SUD,Sudan,625,mapped,,0.0,0.0,0.0,0.0,738,240,0.0,0.0,participated,
1988,Seoul,SUI,Switzerland,225,mapped,,0.0,2.0,2.0,4.0,738,240,0.005420054200542005,0.0,participated,
1988,Seoul,SUR,Suriname,115,mapped,,1.0,0.0,0.0,1.0,738,240,0.0013550135501355014,0.004166666666666667,participated,
1988,Seoul,SWE,Sweden,380,mapped,,0.0,4.0,7.0,11.0,738,240,0.014905149051490514,0.0,participated,
1988,Seoul,SWZ,Swaziland,572,mapped,,0.0,0.0,0.0,0.0,738,240,0.0,0.0,participated,
1988,Seoul,SYR,Syria,652,mapped,,0.0,0.0,0.0,0.0,738,240,0.0,0.0,participated,
1988,Seoul,TAN,Tanzania,510,mapped,,0.0,0.0,0.0,0.0,738,240,0.0,0.0,participated,
1988,Seoul,TCH,Czechoslovakia,315,mapped,,3.0,3.0,2.0,8.0,738,240,0.01084010840108401,0.0125,participated,
1988,Seoul,TGA,Tonga,,excluded_no_cshapes_geometry,No corresponding geometry is available in the adopted CShapes/Gleditsch-Ward sovereign-state basemap for this Olympic scope.,0.0,0.0,0.0,0.0,738,240,0.0,0.0,participated,
1988,Seoul,THA,Thailand,800,mapped,,0.0,0.0,1.0,1.0,738,240,0.0013550135501355014,0.0,participated,
1988,Seoul,TOG,Togo,461,mapped,,0.0,0.0,0.0,0.0,738,240,0.0,0.0,participated,
1988,Seoul,TPE,Chinese Taipei,713,mapped,,0.0,0.0,0.0,0.0,738,240,0.0,0.0,participated,
1988,Seoul,TTO,Trinidad and Tobago,52,mapped,,0.0,0.0,0.0,0.0,738,240,0.0,0.0,participated,
1988,Seoul,TUN,Tunisia,616,mapped,,0.0,0.0,0.0,0.0,738,240,0.0,0.0,participated,
1988,Seoul,TUR,Turkey,640,mapped,,1.0,1.0,0.0,2.0,738,240,0.0027100271002710027,0.004166666666666667,participated,
1988,Seoul,UAE,United Arab Emirates,696,mapped,,0.0,0.0,0.0,0.0,738,240,0.0,0.0,participated,
1988,Seoul,UGA,Uganda,500,mapped,,0.0,0.0,0.0,0.0,738,240,0.0,0.0,participated,
1988,Seoul,URS,Soviet Union,365,mapped,,54.0,31.0,46.0,131.0,738,240,0.17750677506775067,0.225,participated,
1988,Seoul,URU,Uruguay,165,mapped,,0.0,0.0,0.0,0.0,738,240,0.0,0.0,participated,
1988,Seoul,USA,United States,2,mapped,,36.0,31.0,27.0,94.0,738,240,0.12737127371273713,0.15,participated,
1988,Seoul,VAN,Vanuatu,,excluded_no_cshapes_geometry,No corresponding geometry is available in the adopted CShapes/Gleditsch-Ward sovereign-state basemap for this Olympic scope.,0.0,0.0,0.0,0.0,738,240,0.0,0.0,participated,
1988,Seoul,VEN,Venezuela,101,mapped,,0.0,0.0,0.0,0.0,738,240,0.0,0.0,participated,
1988,Seoul,VIE,Vietnam,816,mapped,,0.0,0.0,0.0,0.0,738,240,0.0,0.0,participated,
1988,Seoul,VIN,Saint Vincent and the Grenadines,,excluded_no_cshapes_geometry,No corresponding geometry is available in the adopted CShapes/Gleditsch-Ward sovereign-state basemap for this Olympic scope.,0.0,0.0,0.0,0.0,738,240,0.0,0.0,participated,
1988,Seoul,YAR,North Yemen,678,mapped,,0.0,0.0,0.0,0.0,738,240,0.0,0.0,participated,
1988,Seoul,YMD,South Yemen,680,mapped,,0.0,0.0,0.0,0.0,738,240,0.0,0.0,participated,
1988,Seoul,YUG,Yugoslavia,345,mapped,,3.0,4.0,5.0,12.0,738,240,0.016260162601626018,0.0125,participated,
1988,Seoul,ZAM,Zambia,551,mapped,,0.0,0.0,0.0,0.0,738,240,0.0,0.0,participated,
1988,Seoul,ZIM,Zimbabwe,552,mapped,,0.0,0.0,0.0,0.0,738,240,0.0,0.0,participated,
