Year,City,NOC,Country,GwCodes,MappingStatus,MappingReason,GoldMedals,SilverMedals,BronzeMedals,TotalMedals,TotalMedalsAwarded,GoldMedalsAwarded,TotalMedalShare,GoldMedalShare,ParticipationStatus,BoycottBy
1952,Helsinki,AHO,Netherlands Antilles,,excluded_non_sovereign,Olympic delegation does not correspond to an independent sovereign-state geometry in the adopted CShapes choropleth.,0.0,0.0,0.0,0.0,457,149,0.0,0.0,participated,
1952,Helsinki,ARG,Argentina,160,mapped,,1.0,2.0,2.0,5.0,457,149,0.0109409190371991,0.0067114093959731,participated,
1952,Helsinki,AUS,Australia,900,mapped,,6.0,2.0,3.0,11.0,457,149,0.024070021881838,0.0402684563758389,participated,
1952,Helsinki,AUT,Austria,305,mapped,,0.0,1.0,1.0,2.0,457,149,0.0043763676148796,0.0,participated,
1952,Helsinki,BAH,Bahamas,31,mapped,,0.0,0.0,0.0,0.0,457,149,0.0,0.0,participated,
1952,Helsinki,BEL,Belgium,211,mapped,,2.0,2.0,0.0,4.0,457,149,0.0087527352297593,0.0134228187919463,participated,
1952,Helsinki,BER,Bermuda,,excluded_non_sovereign,Olympic delegation does not correspond to an independent sovereign-state geometry in the adopted CShapes choropleth.,0.0,0.0,0.0,0.0,457,149,0.0,0.0,participated,
1952,Helsinki,BRA,Brazil,140,mapped,,1.0,0.0,2.0,3.0,457,149,0.0065645514223194,0.0067114093959731,participated,
1952,Helsinki,BUL,Bulgaria,355,mapped,,0.0,0.0,1.0,1.0,457,149,0.0021881838074398,0.0,participated,
1952,Helsinki,CAN,Canada,20,mapped,,1.0,2.0,0.0,3.0,457,149,0.0065645514223194,0.0067114093959731,participated,
1952,Helsinki,CHI,Chile,155,mapped,,0.0,2.0,0.0,2.0,457,149,0.0043763676148796,0.0,participated,
1952,Helsinki,CHN,China,710,mapped,,0.0,0.0,0.0,0.0,457,149,0.0,0.0,participated,
1952,Helsinki,CUB,Cuba,40,mapped,,0.0,0.0,0.0,0.0,457,149,0.0,0.0,participated,
1952,Helsinki,DEN,Denmark,390,mapped,,2.0,1.0,3.0,6.0,457,149,0.0131291028446389,0.0134228187919463,participated,
1952,Helsinki,EGY,Egypt,651,mapped,,0.0,0.0,1.0,1.0,457,149,0.0021881838074398,0.0,participated,
1952,Helsinki,ESP,Spain,230,mapped,,0.0,1.0,0.0,1.0,457,149,0.0021881838074398,0.0,participated,
1952,Helsinki,FIN,Finland,375,mapped,,6.0,3.0,13.0,22.0,457,149,0.0481400437636761,0.0402684563758389,participated,
1952,Helsinki,FRA,France,220,mapped,,6.0,6.0,6.0,18.0,457,149,0.0393873085339168,0.0402684563758389,participated,
1952,Helsinki,GBR,Great Britain,200,mapped,,1.0,2.0,8.0,11.0,457,149,0.024070021881838,0.0067114093959731,participated,
1952,Helsinki,GER,Germany,260,mapped,,0.0,7.0,17.0,24.0,457,149,0.0525164113785558,0.0,participated,
1952,Helsinki,GHA,Ghana,452,mapped,,0.0,0.0,0.0,0.0,457,149,0.0,0.0,participated,
1952,Helsinki,GRE,Greece,350,mapped,,0.0,0.0,0.0,0.0,457,149,0.0,0.0,participated,
1952,Helsinki,GUA,Guatemala,90,mapped,,0.0,0.0,0.0,0.0,457,149,0.0,0.0,participated,
1952,Helsinki,GUY,Guyana,110,mapped,,0.0,0.0,0.0,0.0,457,149,0.0,0.0,participated,
1952,Helsinki,HKG,Hong Kong,,excluded_non_sovereign,Olympic delegation does not correspond to an independent sovereign-state geometry in the adopted CShapes choropleth.,0.0,0.0,0.0,0.0,457,149,0.0,0.0,participated,
1952,Helsinki,HUN,Hungary,310,mapped,,16.0,10.0,16.0,42.0,457,149,0.0919037199124726,0.1073825503355704,participated,
1952,Helsinki,INA,Indonesia,850,mapped,,0.0,0.0,0.0,0.0,457,149,0.0,0.0,participated,
1952,Helsinki,IND,India,750,mapped,,1.0,0.0,1.0,2.0,457,149,0.0043763676148796,0.0067114093959731,participated,
1952,Helsinki,IRI,Iran,630,mapped,,0.0,3.0,4.0,7.0,457,149,0.0153172866520787,0.0,participated,
1952,Helsinki,IRL,Ireland,205,mapped,,0.0,1.0,0.0,1.0,457,149,0.0021881838074398,0.0,participated,
1952,Helsinki,ISL,Iceland,395,mapped,,0.0,0.0,0.0,0.0,457,149,0.0,0.0,participated,
1952,Helsinki,ISR,Israel,666,mapped,,0.0,0.0,0.0,0.0,457,149,0.0,0.0,participated,
1952,Helsinki,ITA,Italy,325,mapped,,8.0,9.0,4.0,21.0,457,149,0.0459518599562363,0.0536912751677852,participated,
1952,Helsinki,JAM,Jamaica,51,mapped,,2.0,3.0,0.0,5.0,457,149,0.0109409190371991,0.0134228187919463,participated,
1952,Helsinki,JPN,Japan,740,mapped,,1.0,6.0,1.0,8.0,457,149,0.0175054704595186,0.0067114093959731,participated,
1952,Helsinki,KOR,South Korea,732,mapped,,0.0,0.0,2.0,2.0,457,149,0.0043763676148796,0.0,participated,
1952,Helsinki,LIB,Lebanon,660,mapped,,0.0,1.0,1.0,2.0,457,149,0.0043763676148796,0.0,participated,
1952,Helsinki,LIE,Liechtenstein,,excluded_no_cshapes_geometry,No corresponding geometry is available in the adopted CShapes/Gleditsch-Ward sovereign-state basemap for this Olympic scope.,0.0,0.0,0.0,0.0,457,149,0.0,0.0,participated,
1952,Helsinki,LUX,Luxembourg,212,mapped,,1.0,0.0,0.0,1.0,457,149,0.0021881838074398,0.0067114093959731,participated,
1952,Helsinki,MEX,Mexico,70,mapped,,0.0,1.0,0.0,1.0,457,149,0.0021881838074398,0.0,participated,
1952,Helsinki,MON,Monaco,,excluded_no_cshapes_geometry,No corresponding geometry is available in the adopted CShapes/Gleditsch-Ward sovereign-state basemap for this Olympic scope.,0.0,0.0,0.0,0.0,457,149,0.0,0.0,participated,
1952,Helsinki,MYA,Myanmar,775,mapped,,0.0,0.0,0.0,0.0,457,149,0.0,0.0,participated,
1952,Helsinki,NED,Netherlands,210,mapped,,0.0,5.0,0.0,5.0,457,149,0.0109409190371991,0.0,participated,
1952,Helsinki,NGR,Nigeria,475,mapped,,0.0,0.0,0.0,0.0,457,149,0.0,0.0,participated,
1952,Helsinki,NOR,Norway,385,mapped,,3.0,2.0,0.0,5.0,457,149,0.0109409190371991,0.0201342281879194,participated,
1952,Helsinki,NZL,New Zealand,920,mapped,,1.0,0.0,2.0,3.0,457,149,0.0065645514223194,0.0067114093959731,participated,
1952,Helsinki,PAK,Pakistan,770,mapped,,0.0,0.0,0.0,0.0,457,149,0.0,0.0,participated,
1952,Helsinki,PAN,Panama,95,mapped,,0.0,0.0,0.0,0.0,457,149,0.0,0.0,participated,
1952,Helsinki,PHI,Philippines,840,mapped,,0.0,0.0,0.0,0.0,457,149,0.0,0.0,participated,
1952,Helsinki,POL,Poland,290,mapped,,1.0,2.0,1.0,4.0,457,149,0.0087527352297593,0.0067114093959731,participated,
1952,Helsinki,POR,Portugal,235,mapped,,0.0,0.0,1.0,1.0,457,149,0.0021881838074398,0.0,participated,
1952,Helsinki,PUR,Puerto Rico,,excluded_non_sovereign,Olympic delegation does not correspond to an independent sovereign-state geometry in the adopted CShapes choropleth.,0.0,0.0,0.0,0.0,457,149,0.0,0.0,participated,
1952,Helsinki,ROU,Romania,360,mapped,,1.0,1.0,2.0,4.0,457,149,0.0087527352297593,0.0067114093959731,participated,
1952,Helsinki,RSA,South Africa,560,mapped,,2.0,4.0,4.0,10.0,457,149,0.0218818380743982,0.0134228187919463,participated,
1952,Helsinki,SAA,Saar,,excluded_non_sovereign,Olympic delegation does not correspond to an independent sovereign-state geometry in the adopted CShapes choropleth.,0.0,0.0,0.0,0.0,457,149,0.0,0.0,participated,
1952,Helsinki,SGP,Singapore,830,mapped,,0.0,0.0,0.0,0.0,457,149,0.0,0.0,participated,
1952,Helsinki,SRI,Sri Lanka,780,mapped,,0.0,0.0,0.0,0.0,457,149,0.0,0.0,participated,
1952,Helsinki,SUI,Switzerland,225,mapped,,2.0,6.0,6.0,14.0,457,149,0.0306345733041575,0.0134228187919463,participated,
1952,Helsinki,SWE,Sweden,380,mapped,,12.0,13.0,10.0,35.0,457,149,0.0765864332603938,0.0805369127516778,participated,
1952,Helsinki,TCH,Czechoslovakia,315,mapped,,7.0,3.0,3.0,13.0,457,149,0.0284463894967177,0.046979865771812,participated,
1952,Helsinki,THA,Thailand,800,mapped,,0.0,0.0,0.0,0.0,457,149,0.0,0.0,participated,
1952,Helsinki,TTO,Trinidad and Tobago,52,mapped,,0.0,0.0,2.0,2.0,457,149,0.0043763676148796,0.0,participated,
1952,Helsinki,TUR,Turkey,640,mapped,,2.0,0.0,1.0,3.0,457,149,0.0065645514223194,0.0134228187919463,participated,
1952,Helsinki,URS,Soviet Union,365,mapped,,22.0,29.0,19.0,70.0,457,149,0.1531728665207877,0.1476510067114094,participated,
1952,Helsinki,URU,Uruguay,165,mapped,,0.0,0.0,2.0,2.0,457,149,0.0043763676148796,0.0,participated,
1952,Helsinki,USA,United States,2,mapped,,40.0,19.0,17.0,76.0,457,149,0.1663019693654266,0.2684563758389262,participated,
1952,Helsinki,VEN,Venezuela,101,mapped,,0.0,0.0,1.0,1.0,457,149,0.0021881838074398,0.0,participated,
1952,Helsinki,VNM,South Vietnam,,excluded_no_cshapes_geometry,South Vietnam has no corresponding sovereign CShapes/Gleditsch-Ward geometry in the 1952 snapshot.,0.0,0.0,0.0,0.0,457,149,0.0,0.0,participated,
1952,Helsinki,YUG,Yugoslavia,345,mapped,,1.0,2.0,0.0,3.0,457,149,0.0065645514223194,0.0067114093959731,participated,
1956,Melbourne,AFG,Afghanistan,700,mapped,,0.0,0.0,0.0,0.0,467,153,0.0,0.0,participated,
1956,Melbourne / Stockholm,ARG,Argentina,160,mapped,,0.0,1.0,1.0,2.0,467,153,0.0042826552462526,0.0,participated,
1956,Melbourne / Stockholm,AUS,Australia,900,mapped,,13.0,8.0,14.0,35.0,467,153,0.0749464668094218,0.0849673202614379,participated,
1956,Melbourne / Stockholm,AUT,Austria,305,mapped,,0.0,0.0,2.0,2.0,467,153,0.0042826552462526,0.0,participated,
1956,Melbourne,BAH,Bahamas,31,mapped,,0.0,0.0,1.0,1.0,467,153,0.0021413276231263,0.0,participated,
1956,Melbourne / Stockholm,BEL,Belgium,211,mapped,,0.0,2.0,0.0,2.0,467,153,0.0042826552462526,0.0,participated,
1956,Melbourne,BER,Bermuda,,excluded_non_sovereign,Olympic delegation does not correspond to an independent sovereign-state geometry in the adopted CShapes choropleth.,0.0,0.0,0.0,0.0,467,153,0.0,0.0,participated,
1956,Melbourne / Stockholm,BRA,Brazil,140,mapped,,1.0,0.0,0.0,1.0,467,153,0.0021413276231263,0.0065359477124183,participated,
1956,Melbourne / Stockholm,BUL,Bulgaria,355,mapped,,1.0,3.0,1.0,5.0,467,153,0.0107066381156316,0.0065359477124183,participated,
1956,Stockholm,CAM,Cambodia,811,mapped,,0.0,0.0,0.0,0.0,467,153,0.0,0.0,participated,
1956,Melbourne / Stockholm,CAN,Canada,20,mapped,,2.0,1.0,3.0,6.0,467,153,0.012847965738758,0.0130718954248366,participated,
1956,Melbourne,CHI,Chile,155,mapped,,0.0,2.0,2.0,4.0,467,153,0.0085653104925053,0.0,participated,
1956,Melbourne,COL,Colombia,100,mapped,,0.0,0.0,0.0,0.0,467,153,0.0,0.0,participated,
1956,Melbourne,CUB,Cuba,40,mapped,,0.0,0.0,0.0,0.0,467,153,0.0,0.0,participated,
1956,Stockholm / Melbourne,DEN,Denmark,390,mapped,,1.0,2.0,1.0,4.0,467,153,0.0085653104925053,0.0065359477124183,participated,
1956,Stockholm,EGY,Egypt,651,mapped,,0.0,0.0,0.0,0.0,467,153,0.0,0.0,participated,
1956,Stockholm,ESP,Spain,230,mapped,,0.0,0.0,0.0,0.0,467,153,0.0,0.0,participated,
1956,Melbourne,ETH,Ethiopia,530,mapped,,0.0,0.0,0.0,0.0,467,153,0.0,0.0,participated,
1956,Melbourne,FIJ,Fiji,950,mapped,,0.0,0.0,0.0,0.0,467,153,0.0,0.0,participated,
1956,Stockholm / Melbourne,FIN,Finland,375,mapped,,3.0,1.0,11.0,15.0,467,153,0.032119914346895,0.0196078431372549,participated,
1956,Melbourne / Stockholm,FRA,France,220,mapped,,4.0,4.0,6.0,14.0,467,153,0.0299785867237687,0.0261437908496732,participated,
1956,Melbourne / Stockholm,GBR,Great Britain,200,mapped,,6.0,7.0,11.0,24.0,467,153,0.0513918629550321,0.0392156862745098,participated,
1956,Melbourne / Stockholm,GER,United Team of Germany,260;265,mapped,,6.0,13.0,7.0,26.0,467,153,0.0556745182012847,0.0392156862745098,participated,
1956,Melbourne,GRE,Greece,350,mapped,,0.0,0.0,1.0,1.0,467,153,0.0021413276231263,0.0,participated,
1956,Melbourne,GUY,Guyana,110,mapped,,0.0,0.0,0.0,0.0,467,153,0.0,0.0,participated,
1956,Melbourne,HKG,Hong Kong,,excluded_non_sovereign,Olympic delegation does not correspond to an independent sovereign-state geometry in the adopted CShapes choropleth.,0.0,0.0,0.0,0.0,467,153,0.0,0.0,participated,
1956,Melbourne / Stockholm,HUN,Hungary,310,mapped,,9.0,10.0,7.0,26.0,467,153,0.0556745182012847,0.0588235294117647,participated,
1956,Melbourne,INA,Indonesia,850,mapped,,0.0,0.0,0.0,0.0,467,153,0.0,0.0,participated,
1956,Melbourne,IND,India,750,mapped,,1.0,0.0,0.0,1.0,467,153,0.0021413276231263,0.0065359477124183,participated,
1956,Melbourne,IRI,Iran,630,mapped,,2.0,2.0,1.0,5.0,467,153,0.0107066381156316,0.0130718954248366,participated,
1956,Stockholm / Melbourne,IRL,Ireland,205,mapped,,1.0,1.0,3.0,5.0,467,153,0.0107066381156316,0.0065359477124183,participated,
1956,Melbourne,ISL,Iceland,395,mapped,,0.0,1.0,0.0,1.0,467,153,0.0021413276231263,0.0,participated,
1956,Melbourne,ISR,Israel,666,mapped,,0.0,0.0,0.0,0.0,467,153,0.0,0.0,participated,
1956,Melbourne / Stockholm,ITA,Italy,325,mapped,,8.0,8.0,9.0,25.0,467,153,0.0535331905781584,0.0522875816993464,participated,
1956,Melbourne,JAM,Jamaica,51,mapped,,0.0,0.0,0.0,0.0,467,153,0.0,0.0,participated,
1956,Melbourne / Stockholm,JPN,Japan,740,mapped,,4.0,10.0,3.0,17.0,467,153,0.0364025695931477,0.0261437908496732,participated,
1956,Melbourne,KEN,Kenya,501,mapped,,0.0,0.0,0.0,0.0,467,153,0.0,0.0,participated,
1956,Melbourne,KOR,South Korea,732,mapped,,0.0,1.0,1.0,2.0,467,153,0.0042826552462526,0.0,participated,
1956,Melbourne,LBR,Liberia,450,mapped,,0.0,0.0,0.0,0.0,467,153,0.0,0.0,participated,
1956,Melbourne,LUX,Luxembourg,212,mapped,,0.0,0.0,0.0,0.0,467,153,0.0,0.0,participated,
1956,Melbourne,MAL,Malaya,820,mapped,,0.0,0.0,0.0,0.0,467,153,0.0,0.0,participated,
1956,Melbourne,MEX,Mexico,70,mapped,,1.0,0.0,1.0,2.0,467,153,0.0042826552462526,0.0065359477124183,participated,
1956,Melbourne,MYA,Myanmar,775,mapped,,0.0,0.0,0.0,0.0,467,153,0.0,0.0,participated,
1956,Melbourne,NBO,North Borneo,,excluded_non_sovereign,Olympic delegation does not correspond to an independent sovereign-state geometry in the adopted CShapes choropleth.,0.0,0.0,0.0,0.0,467,153,0.0,0.0,participated,
1956,Stockholm,NED,Netherlands,210,mapped,,0.0,0.0,0.0,0.0,467,153,0.0,0.0,participated,
1956,Melbourne,NGR,Nigeria,475,mapped,,0.0,0.0,0.0,0.0,467,153,0.0,0.0,participated,
1956,Melbourne / Stockholm,NOR,Norway,385,mapped,,1.0,0.0,2.0,3.0,467,153,0.006423982869379,0.0065359477124183,participated,
1956,Melbourne,NZL,New Zealand,920,mapped,,2.0,0.0,0.0,2.0,467,153,0.0042826552462526,0.0130718954248366,participated,
1956,Melbourne,PAK,Pakistan,770,mapped,,0.0,1.0,0.0,1.0,467,153,0.0021413276231263,0.0,participated,
1956,Melbourne,PER,Peru,135,mapped,,0.0,0.0,0.0,0.0,467,153,0.0,0.0,participated,
1956,Melbourne,PHI,Philippines,840,mapped,,0.0,0.0,0.0,0.0,467,153,0.0,0.0,participated,
1956,Melbourne,POL,Poland,290,mapped,,1.0,4.0,4.0,9.0,467,153,0.019271948608137,0.0065359477124183,participated,
1956,Stockholm / Melbourne,POR,Portugal,235,mapped,,0.0,0.0,0.0,0.0,467,153,0.0,0.0,participated,
1956,Melbourne,PUR,Puerto Rico,,excluded_non_sovereign,Olympic delegation does not correspond to an independent sovereign-state geometry in the adopted CShapes choropleth.,0.0,0.0,0.0,0.0,467,153,0.0,0.0,participated,
1956,Melbourne / Stockholm,ROU,Romania,360,mapped,,5.0,3.0,5.0,13.0,467,153,0.0278372591006423,0.0326797385620915,participated,
1956,Melbourne,RSA,South Africa,560,mapped,,0.0,0.0,4.0,4.0,467,153,0.0085653104925053,0.0,participated,
1956,Melbourne,SGP,Singapore,830,mapped,,0.0,0.0,0.0,0.0,467,153,0.0,0.0,participated,
1956,Melbourne,SRI,Sri Lanka,780,mapped,,0.0,0.0,0.0,0.0,467,153,0.0,0.0,participated,
1956,Stockholm,SUI,Switzerland,225,mapped,,0.0,0.0,1.0,1.0,467,153,0.0021413276231263,0.0,participated,
1956,Melbourne / Stockholm,SWE,Sweden,380,mapped,,8.0,5.0,6.0,19.0,467,153,0.0406852248394004,0.0522875816993464,participated,
1956,Melbourne,TCH,Czechoslovakia,315,mapped,,1.0,4.0,1.0,6.0,467,153,0.012847965738758,0.0065359477124183,participated,
1956,Melbourne,THA,Thailand,800,mapped,,0.0,0.0,0.0,0.0,467,153,0.0,0.0,participated,
1956,Melbourne,TPE,Chinese Taipei,713,mapped,,0.0,0.0,0.0,0.0,467,153,0.0,0.0,participated,
1956,Melbourne,TTO,Trinidad and Tobago,52,mapped,,0.0,0.0,0.0,0.0,467,153,0.0,0.0,participated,
1956,Melbourne / Stockholm,TUR,Turkey,640,mapped,,3.0,2.0,2.0,7.0,467,153,0.0149892933618843,0.0196078431372549,participated,
1956,Melbourne,UGA,Uganda,500,mapped,,0.0,0.0,0.0,0.0,467,153,0.0,0.0,participated,
1956,Melbourne / Stockholm,URS,Soviet Union,365,mapped,,37.0,29.0,32.0,98.0,467,153,0.2098501070663811,0.2418300653594771,participated,
1956,Melbourne,URU,Uruguay,165,mapped,,0.0,0.0,1.0,1.0,467,153,0.0021413276231263,0.0,participated,
1956,Melbourne / Stockholm,USA,United States,2,mapped,,32.0,25.0,17.0,74.0,467,153,0.158458244111349,0.2091503267973856,participated,
1956,Melbourne / Stockholm,VEN,Venezuela,101,mapped,,0.0,0.0,0.0,0.0,467,153,0.0,0.0,participated,
1956,Melbourne,VNM,South Vietnam,817,mapped,,0.0,0.0,0.0,0.0,467,153,0.0,0.0,participated,
1956,Melbourne,YUG,Yugoslavia,345,mapped,,0.0,3.0,0.0,3.0,467,153,0.006423982869379,0.0,participated,
1960,Roma,AFG,Afghanistan,700,mapped,,0.0,0.0,0.0,0.0,461,152,0.0,0.0,participated,
1960,Roma,AHO,Netherlands Antilles,,excluded_non_sovereign,Olympic delegation does not correspond to an independent sovereign-state geometry in the adopted CShapes choropleth.,0.0,0.0,0.0,0.0,461,152,0.0,0.0,participated,
1960,Roma,ARG,Argentina,160,mapped,,0.0,1.0,1.0,2.0,461,152,0.0043383947939262,0.0,participated,
1960,Roma,AUS,Australia,900,mapped,,8.0,8.0,6.0,22.0,461,152,0.0477223427331887,0.0526315789473684,participated,
1960,Roma,AUT,Austria,305,mapped,,1.0,1.0,0.0,2.0,461,152,0.0043383947939262,0.006578947368421,participated,
1960,Roma,BAH,Bahamas,31,mapped,,0.0,0.0,0.0,0.0,461,152,0.0,0.0,participated,
1960,Roma,BEL,Belgium,211,mapped,,0.0,2.0,2.0,4.0,461,152,0.0086767895878524,0.0,participated,
1960,Roma,BER,Bermuda,,excluded_non_sovereign,Olympic delegation does not correspond to an independent sovereign-state geometry in the adopted CShapes choropleth.,0.0,0.0,0.0,0.0,461,152,0.0,0.0,participated,
1960,Roma,BRA,Brazil,140,mapped,,0.0,0.0,2.0,2.0,461,152,0.0043383947939262,0.0,participated,
1960,Roma,BUL,Bulgaria,355,mapped,,1.0,3.0,3.0,7.0,461,152,0.0151843817787418,0.006578947368421,participated,
1960,Roma,CAN,Canada,20,mapped,,0.0,1.0,0.0,1.0,461,152,0.0021691973969631,0.0,participated,
1960,Roma,CHI,Chile,155,mapped,,0.0,0.0,0.0,0.0,461,152,0.0,0.0,participated,
1960,Roma,COL,Colombia,100,mapped,,0.0,0.0,0.0,0.0,461,152,0.0,0.0,participated,
1960,Roma,CUB,Cuba,40,mapped,,0.0,0.0,0.0,0.0,461,152,0.0,0.0,participated,
1960,Roma,DEN,Denmark,390,mapped,,2.0,3.0,1.0,6.0,461,152,0.0130151843817787,0.0131578947368421,participated,
1960,Roma,ESP,Spain,230,mapped,,0.0,0.0,1.0,1.0,461,152,0.0021691973969631,0.0,participated,
1960,Roma,ETH,Ethiopia,530,mapped,,1.0,0.0,0.0,1.0,461,152,0.0021691973969631,0.006578947368421,participated,
1960,Roma,FIJ,Fiji,950,mapped,,0.0,0.0,0.0,0.0,461,152,0.0,0.0,participated,
1960,Roma,FIN,Finland,375,mapped,,1.0,1.0,3.0,5.0,461,152,0.0108459869848156,0.006578947368421,participated,
1960,Roma,FRA,France,220,mapped,,0.0,2.0,3.0,5.0,461,152,0.0108459869848156,0.0,participated,
1960,Roma,GBR,Great Britain,200,mapped,,2.0,6.0,12.0,20.0,461,152,0.0433839479392624,0.0131578947368421,participated,
1960,Roma,GER,United Team of Germany,260;265,mapped,,12.0,19.0,11.0,42.0,461,152,0.0911062906724512,0.0789473684210526,participated,
1960,Roma,GHA,Ghana,452,mapped,,0.0,1.0,0.0,1.0,461,152,0.0021691973969631,0.0,participated,
1960,Roma,GRE,Greece,350,mapped,,1.0,0.0,0.0,1.0,461,152,0.0021691973969631,0.006578947368421,participated,
1960,Roma,GUY,Guyana,110,mapped,,0.0,0.0,0.0,0.0,461,152,0.0,0.0,participated,
1960,Roma,HAI,Haiti,41,mapped,,0.0,0.0,0.0,0.0,461,152,0.0,0.0,participated,
1960,Roma,HKG,Hong Kong,,excluded_non_sovereign,Olympic delegation does not correspond to an independent sovereign-state geometry in the adopted CShapes choropleth.,0.0,0.0,0.0,0.0,461,152,0.0,0.0,participated,
1960,Roma,HUN,Hungary,310,mapped,,6.0,8.0,7.0,21.0,461,152,0.0455531453362256,0.0394736842105263,participated,
1960,Roma,INA,Indonesia,850,mapped,,0.0,0.0,0.0,0.0,461,152,0.0,0.0,participated,
1960,Roma,IND,India,750,mapped,,0.0,1.0,0.0,1.0,461,152,0.0021691973969631,0.0,participated,
1960,Roma,IRI,Iran,630,mapped,,0.0,1.0,3.0,4.0,461,152,0.0086767895878524,0.0,participated,
1960,Roma,IRL,Ireland,205,mapped,,0.0,0.0,0.0,0.0,461,152,0.0,0.0,participated,
1960,Roma,IRQ,Iraq,645,mapped,,0.0,0.0,1.0,1.0,461,152,0.0021691973969631,0.0,participated,
1960,Roma,ISL,Iceland,395,mapped,,0.0,0.0,0.0,0.0,461,152,0.0,0.0,participated,
1960,Roma,ISR,Israel,666,mapped,,0.0,0.0,0.0,0.0,461,152,0.0,0.0,participated,
1960,Roma,ITA,Italy,325,mapped,,13.0,10.0,13.0,36.0,461,152,0.0780911062906724,0.0855263157894736,participated,
1960,Roma,JPN,Japan,740,mapped,,4.0,7.0,7.0,18.0,461,152,0.0390455531453362,0.0263157894736842,participated,
1960,Roma,KEN,Kenya,501,mapped,,0.0,0.0,0.0,0.0,461,152,0.0,0.0,participated,
1960,Roma,KOR,South Korea,732,mapped,,0.0,0.0,0.0,0.0,461,152,0.0,0.0,participated,
1960,Roma,LBR,Liberia,450,mapped,,0.0,0.0,0.0,0.0,461,152,0.0,0.0,participated,
1960,Roma,LIB,Lebanon,660,mapped,,0.0,0.0,0.0,0.0,461,152,0.0,0.0,participated,
1960,Roma,LIE,Liechtenstein,,excluded_no_cshapes_geometry,No corresponding geometry is available in the adopted CShapes/Gleditsch-Ward sovereign-state basemap for this Olympic scope.,0.0,0.0,0.0,0.0,461,152,0.0,0.0,participated,
1960,Roma,LUX,Luxembourg,212,mapped,,0.0,0.0,0.0,0.0,461,152,0.0,0.0,participated,
1960,Roma,MAL,Malaya,820,mapped,,0.0,0.0,0.0,0.0,461,152,0.0,0.0,participated,
1960,Roma,MAR,Morocco,600,mapped,,0.0,1.0,0.0,1.0,461,152,0.0021691973969631,0.0,participated,
1960,Roma,MEX,Mexico,70,mapped,,0.0,0.0,1.0,1.0,461,152,0.0021691973969631,0.0,participated,
1960,Roma,MLT,Malta,338,mapped,,0.0,0.0,0.0,0.0,461,152,0.0,0.0,participated,
1960,Roma,MON,Monaco,,excluded_no_cshapes_geometry,No corresponding geometry is available in the adopted CShapes/Gleditsch-Ward sovereign-state basemap for this Olympic scope.,0.0,0.0,0.0,0.0,461,152,0.0,0.0,participated,
1960,Roma,MYA,Myanmar,775,mapped,,0.0,0.0,0.0,0.0,461,152,0.0,0.0,participated,
1960,Roma,NED,Netherlands,210,mapped,,0.0,1.0,2.0,3.0,461,152,0.0065075921908893,0.0,participated,
1960,Roma,NGR,Nigeria,475,mapped,,0.0,0.0,0.0,0.0,461,152,0.0,0.0,participated,
1960,Roma,NOR,Norway,385,mapped,,1.0,0.0,0.0,1.0,461,152,0.0021691973969631,0.006578947368421,participated,
1960,Roma,NZL,New Zealand,920,mapped,,2.0,0.0,1.0,3.0,461,152,0.0065075921908893,0.0131578947368421,participated,
1960,Roma,PAK,Pakistan,770,mapped,,1.0,0.0,1.0,2.0,461,152,0.0043383947939262,0.006578947368421,participated,
1960,Roma,PAN,Panama,95,mapped,,0.0,0.0,0.0,0.0,461,152,0.0,0.0,participated,
1960,Roma,PER,Peru,135,mapped,,0.0,0.0,0.0,0.0,461,152,0.0,0.0,participated,
1960,Roma,PHI,Philippines,840,mapped,,0.0,0.0,0.0,0.0,461,152,0.0,0.0,participated,
1960,Roma,POL,Poland,290,mapped,,4.0,6.0,11.0,21.0,461,152,0.0455531453362256,0.0263157894736842,participated,
1960,Roma,POR,Portugal,235,mapped,,0.0,1.0,0.0,1.0,461,152,0.0021691973969631,0.0,participated,
1960,Roma,PUR,Puerto Rico,,excluded_non_sovereign,Olympic delegation does not correspond to an independent sovereign-state geometry in the adopted CShapes choropleth.,0.0,0.0,0.0,0.0,461,152,0.0,0.0,participated,
1960,Roma,RHO,Rhodesia,,excluded_no_cshapes_geometry,The 1960 Rhodesian Olympic delegation has no corresponding sovereign geometry in the adopted CShapes snapshot.,0.0,0.0,0.0,0.0,461,152,0.0,0.0,participated,
1960,Roma,ROU,Romania,360,mapped,,3.0,1.0,6.0,10.0,461,152,0.0216919739696312,0.0197368421052631,participated,
1960,Roma,RSA,South Africa,560,mapped,,0.0,1.0,2.0,3.0,461,152,0.0065075921908893,0.0,participated,
1960,Roma,SGP,Singapore,830,mapped,,0.0,1.0,0.0,1.0,461,152,0.0021691973969631,0.0,participated,
1960,Roma,SMR,San Marino,,excluded_no_cshapes_geometry,No corresponding geometry is available in the adopted CShapes/Gleditsch-Ward sovereign-state basemap for this Olympic scope.,0.0,0.0,0.0,0.0,461,152,0.0,0.0,participated,
1960,Roma,SRI,Sri Lanka,780,mapped,,0.0,0.0,0.0,0.0,461,152,0.0,0.0,participated,
1960,Roma,SUD,Sudan,625,mapped,,0.0,0.0,0.0,0.0,461,152,0.0,0.0,participated,
1960,Roma,SUI,Switzerland,225,mapped,,0.0,3.0,3.0,6.0,461,152,0.0130151843817787,0.0,participated,
1960,Roma,SWE,Sweden,380,mapped,,1.0,2.0,3.0,6.0,461,152,0.0130151843817787,0.006578947368421,participated,
1960,Roma,TCH,Czechoslovakia,315,mapped,,3.0,2.0,3.0,8.0,461,152,0.0173535791757049,0.0197368421052631,participated,
1960,Roma,THA,Thailand,800,mapped,,0.0,0.0,0.0,0.0,461,152,0.0,0.0,participated,
1960,Roma,TPE,Chinese Taipei,713,mapped,,0.0,1.0,0.0,1.0,461,152,0.0021691973969631,0.0,participated,
1960,Roma,TUN,Tunisia,616,mapped,,0.0,0.0,0.0,0.0,461,152,0.0,0.0,participated,
1960,Roma,TUR,Turkey,640,mapped,,7.0,2.0,0.0,9.0,461,152,0.0195227765726681,0.0460526315789473,participated,
1960,Roma,UAR,United Arab Republic,651;652,mapped,,0.0,1.0,1.0,2.0,461,152,0.0043383947939262,0.0,participated,
1960,Roma,UGA,Uganda,500,mapped,,0.0,0.0,0.0,0.0,461,152,0.0,0.0,participated,
1960,Roma,URS,Soviet Union,365,mapped,,43.0,29.0,31.0,103.0,461,152,0.2234273318872017,0.2828947368421052,participated,
1960,Roma,URU,Uruguay,165,mapped,,0.0,0.0,0.0,0.0,461,152,0.0,0.0,participated,
1960,Roma,USA,United States,2,mapped,,34.0,21.0,16.0,71.0,461,152,0.1540130151843818,0.2236842105263158,participated,
1960,Roma,VEN,Venezuela,101,mapped,,0.0,0.0,1.0,1.0,461,152,0.0021691973969631,0.0,participated,
1960,Roma,VNM,South Vietnam,817,mapped,,0.0,0.0,0.0,0.0,461,152,0.0,0.0,participated,
1960,Roma,WIF,West Indies Federation,,excluded_composite_delegation,Composite Olympic delegation is not represented as a single sovereign CShapes state.,0.0,0.0,2.0,2.0,461,152,0.0043383947939262,0.0,participated,
1960,Roma,YUG,Yugoslavia,345,mapped,,1.0,1.0,0.0,2.0,461,152,0.0043383947939262,0.006578947368421,participated,
1960,Roma,ZIM,Rhodesia,,excluded_no_cshapes_geometry,The 1960 Rhodesian/Zimbabwe entry has no corresponding sovereign geometry in the adopted CShapes snapshot.,0.0,0.0,0.0,0.0,461,152,0.0,0.0,participated,
1964,Tokyo,AFG,Afghanistan,700,mapped,,0.0,0.0,0.0,0.0,501,163,0.0,0.0,participated,
1964,Tokyo,AHO,Netherlands Antilles,,excluded_non_sovereign,Olympic delegation does not correspond to an independent sovereign-state geometry in the adopted CShapes choropleth.,0.0,0.0,0.0,0.0,501,163,0.0,0.0,participated,
1964,Tokyo,ALG,Algeria,615,mapped,,0.0,0.0,0.0,0.0,501,163,0.0,0.0,participated,
1964,Tokyo,ARG,Argentina,160,mapped,,0.0,1.0,0.0,1.0,501,163,0.0019960079840319,0.0,participated,
1964,Tokyo,AUS,Australia,900,mapped,,6.0,2.0,10.0,18.0,501,163,0.0359281437125748,0.0368098159509202,participated,
1964,Tokyo,AUT,Austria,305,mapped,,0.0,0.0,0.0,0.0,501,163,0.0,0.0,participated,
1964,Tokyo,BAH,Bahamas,31,mapped,,1.0,0.0,0.0,1.0,501,163,0.0019960079840319,0.0061349693251533,participated,
1964,Tokyo,BEL,Belgium,211,mapped,,2.0,0.0,1.0,3.0,501,163,0.0059880239520958,0.0122699386503067,participated,
1964,Tokyo,BER,Bermuda,,excluded_non_sovereign,Olympic delegation does not correspond to an independent sovereign-state geometry in the adopted CShapes choropleth.,0.0,0.0,0.0,0.0,501,163,0.0,0.0,participated,
1964,Tokyo,BOL,Bolivia,145,mapped,,0.0,0.0,0.0,0.0,501,163,0.0,0.0,participated,
1964,Tokyo,BRA,Brazil,140,mapped,,0.0,0.0,1.0,1.0,501,163,0.0019960079840319,0.0,participated,
1964,Tokyo,BUL,Bulgaria,355,mapped,,3.0,5.0,2.0,10.0,501,163,0.0199600798403193,0.0184049079754601,participated,
1964,Tokyo,CAM,Cambodia,811,mapped,,0.0,0.0,0.0,0.0,501,163,0.0,0.0,participated,
1964,Tokyo,CAN,Canada,20,mapped,,1.0,2.0,1.0,4.0,501,163,0.0079840319361277,0.0061349693251533,participated,
1964,Tokyo,CGO,Congo (Brazzaville),484,mapped,,0.0,0.0,0.0,0.0,501,163,0.0,0.0,participated,
1964,Tokyo,CHA,Chad,483,mapped,,0.0,0.0,0.0,0.0,501,163,0.0,0.0,participated,
1964,Tokyo,CHI,Chile,155,mapped,,0.0,0.0,0.0,0.0,501,163,0.0,0.0,participated,
1964,Tokyo,CIV,Cote d'Ivoire,437,mapped,,0.0,0.0,0.0,0.0,501,163,0.0,0.0,participated,
1964,Tokyo,CMR,Cameroon,471,mapped,,0.0,0.0,0.0,0.0,501,163,0.0,0.0,participated,
1964,Tokyo,COL,Colombia,100,mapped,,0.0,0.0,0.0,0.0,501,163,0.0,0.0,participated,
1964,Tokyo,CRC,Costa Rica,94,mapped,,0.0,0.0,0.0,0.0,501,163,0.0,0.0,participated,
1964,Tokyo,CUB,Cuba,40,mapped,,0.0,1.0,0.0,1.0,501,163,0.0019960079840319,0.0,participated,
1964,Tokyo,DEN,Denmark,390,mapped,,2.0,1.0,3.0,6.0,501,163,0.0119760479041916,0.0122699386503067,participated,
1964,Tokyo,DOM,Dominican Republic,42,mapped,,0.0,0.0,0.0,0.0,501,163,0.0,0.0,participated,
1964,Tokyo,EGY,Egypt,651,mapped,,0.0,0.0,0.0,0.0,501,163,0.0,0.0,participated,
1964,Tokyo,ESP,Spain,230,mapped,,0.0,0.0,0.0,0.0,501,163,0.0,0.0,participated,
1964,Tokyo,ETH,Ethiopia,530,mapped,,1.0,0.0,0.0,1.0,501,163,0.0019960079840319,0.0061349693251533,participated,
1964,Tokyo,FIN,Finland,375,mapped,,3.0,0.0,2.0,5.0,501,163,0.0099800399201596,0.0184049079754601,participated,
1964,Tokyo,FRA,France,220,mapped,,1.0,8.0,6.0,15.0,501,163,0.029940119760479,0.0061349693251533,participated,
1964,Tokyo,GBR,Great Britain,200,mapped,,4.0,12.0,2.0,18.0,501,163,0.0359281437125748,0.0245398773006134,participated,
1964,Tokyo,GER,United Team of Germany,260;265,mapped,,10.0,22.0,18.0,50.0,501,163,0.0998003992015968,0.0613496932515337,participated,
1964,Tokyo,GHA,Ghana,452,mapped,,0.0,0.0,1.0,1.0,501,163,0.0019960079840319,0.0,participated,
1964,Tokyo,GRE,Greece,350,mapped,,0.0,0.0,0.0,0.0,501,163,0.0,0.0,participated,
1964,Tokyo,GUY,Guyana,110,mapped,,0.0,0.0,0.0,0.0,501,163,0.0,0.0,participated,
1964,Tokyo,HKG,Hong Kong,,excluded_non_sovereign,Olympic delegation does not correspond to an independent sovereign-state geometry in the adopted CShapes choropleth.,0.0,0.0,0.0,0.0,501,163,0.0,0.0,participated,
1964,Tokyo,HUN,Hungary,310,mapped,,10.0,7.0,5.0,22.0,501,163,0.0439121756487025,0.0613496932515337,participated,
1964,Tokyo,IND,India,750,mapped,,1.0,0.0,0.0,1.0,501,163,0.0019960079840319,0.0061349693251533,participated,
1964,Tokyo,IRI,Iran,630,mapped,,0.0,0.0,2.0,2.0,501,163,0.0039920159680638,0.0,participated,
1964,Tokyo,IRL,Ireland,205,mapped,,0.0,0.0,1.0,1.0,501,163,0.0019960079840319,0.0,participated,
1964,Tokyo,IRQ,Iraq,645,mapped,,0.0,0.0,0.0,0.0,501,163,0.0,0.0,participated,
1964,Tokyo,ISL,Iceland,395,mapped,,0.0,0.0,0.0,0.0,501,163,0.0,0.0,participated,
1964,Tokyo,ISR,Israel,666,mapped,,0.0,0.0,0.0,0.0,501,163,0.0,0.0,participated,
1964,Tokyo,ITA,Italy,325,mapped,,10.0,10.0,7.0,27.0,501,163,0.0538922155688622,0.0613496932515337,participated,
1964,Tokyo,JAM,Jamaica,51,mapped,,0.0,0.0,0.0,0.0,501,163,0.0,0.0,participated,
1964,Tokyo,JPN,Japan,740,mapped,,16.0,5.0,8.0,29.0,501,163,0.0578842315369261,0.0981595092024539,participated,
1964,Tokyo,KEN,Kenya,501,mapped,,0.0,0.0,1.0,1.0,501,163,0.0019960079840319,0.0,participated,
1964,Tokyo,KOR,South Korea,732,mapped,,0.0,2.0,1.0,3.0,501,163,0.0059880239520958,0.0,participated,
1964,Tokyo,LBR,Liberia,450,mapped,,0.0,0.0,0.0,0.0,501,163,0.0,0.0,participated,
1964,Tokyo,LIB,Lebanon,660,mapped,,0.0,0.0,0.0,0.0,501,163,0.0,0.0,participated,
1964,Tokyo,LIE,Liechtenstein,,excluded_no_cshapes_geometry,No corresponding geometry is available in the adopted CShapes/Gleditsch-Ward sovereign-state basemap for this Olympic scope.,0.0,0.0,0.0,0.0,501,163,0.0,0.0,participated,
1964,Tokyo,LUX,Luxembourg,212,mapped,,0.0,0.0,0.0,0.0,501,163,0.0,0.0,participated,
1964,Tokyo,MAD,Madagascar,580,mapped,,0.0,0.0,0.0,0.0,501,163,0.0,0.0,participated,
1964,Tokyo,MAR,Morocco,600,mapped,,0.0,0.0,0.0,0.0,501,163,0.0,0.0,participated,
1964,Tokyo,MAS,Malaysia,820,mapped,,0.0,0.0,0.0,0.0,501,163,0.0,0.0,participated,
1964,Tokyo,MEX,Mexico,70,mapped,,0.0,0.0,1.0,1.0,501,163,0.0019960079840319,0.0,participated,
1964,Tokyo,MGL,Mongolia,712,mapped,,0.0,0.0,0.0,0.0,501,163,0.0,0.0,participated,
1964,Tokyo,MLI,Mali,432,mapped,,0.0,0.0,0.0,0.0,501,163,0.0,0.0,participated,
1964,Tokyo,MON,Monaco,,excluded_no_cshapes_geometry,No corresponding geometry is available in the adopted CShapes/Gleditsch-Ward sovereign-state basemap for this Olympic scope.,0.0,0.0,0.0,0.0,501,163,0.0,0.0,participated,
1964,Tokyo,MYA,Myanmar,775,mapped,,0.0,0.0,0.0,0.0,501,163,0.0,0.0,participated,
1964,Tokyo,NED,Netherlands,210,mapped,,2.0,4.0,4.0,10.0,501,163,0.0199600798403193,0.0122699386503067,participated,
1964,Tokyo,NEP,Nepal,790,mapped,,0.0,0.0,0.0,0.0,501,163,0.0,0.0,participated,
1964,Tokyo,NGR,Nigeria,475,mapped,,0.0,0.0,1.0,1.0,501,163,0.0019960079840319,0.0,participated,
1964,Tokyo,NIG,Niger,436,mapped,,0.0,0.0,0.0,0.0,501,163,0.0,0.0,participated,
1964,Tokyo,NOR,Norway,385,mapped,,0.0,0.0,0.0,0.0,501,163,0.0,0.0,participated,
1964,Tokyo,NZL,New Zealand,920,mapped,,3.0,0.0,2.0,5.0,501,163,0.0099800399201596,0.0184049079754601,participated,
1964,Tokyo,PAK,Pakistan,770,mapped,,0.0,1.0,0.0,1.0,501,163,0.0019960079840319,0.0,participated,
1964,Tokyo,PAN,Panama,95,mapped,,0.0,0.0,0.0,0.0,501,163,0.0,0.0,participated,
1964,Tokyo,PER,Peru,135,mapped,,0.0,0.0,0.0,0.0,501,163,0.0,0.0,participated,
1964,Tokyo,PHI,Philippines,840,mapped,,0.0,1.0,0.0,1.0,501,163,0.0019960079840319,0.0,participated,
1964,Tokyo,POL,Poland,290,mapped,,7.0,6.0,10.0,23.0,501,163,0.0459081836327345,0.0429447852760736,participated,
1964,Tokyo,POR,Portugal,235,mapped,,0.0,0.0,0.0,0.0,501,163,0.0,0.0,participated,
1964,Tokyo,PUR,Puerto Rico,,excluded_non_sovereign,Olympic delegation does not correspond to an independent sovereign-state geometry in the adopted CShapes choropleth.,0.0,0.0,0.0,0.0,501,163,0.0,0.0,participated,
1964,Tokyo,ROU,Romania,360,mapped,,2.0,4.0,6.0,12.0,501,163,0.0239520958083832,0.0122699386503067,participated,
1964,Tokyo,SEN,Senegal,433,mapped,,0.0,0.0,0.0,0.0,501,163,0.0,0.0,participated,
1964,Tokyo,SRI,Sri Lanka,780,mapped,,0.0,0.0,0.0,0.0,501,163,0.0,0.0,participated,
1964,Tokyo,SUI,Switzerland,225,mapped,,1.0,2.0,1.0,4.0,501,163,0.0079840319361277,0.0061349693251533,participated,
1964,Tokyo,SWE,Sweden,380,mapped,,2.0,2.0,4.0,8.0,501,163,0.0159680638722554,0.0122699386503067,participated,
1964,Tokyo,TAN,Tanzania,510,mapped,,0.0,0.0,0.0,0.0,501,163,0.0,0.0,participated,
1964,Tokyo,TCH,Czechoslovakia,315,mapped,,5.0,6.0,3.0,14.0,501,163,0.0279441117764471,0.0306748466257668,participated,
1964,Tokyo,THA,Thailand,800,mapped,,0.0,0.0,0.0,0.0,501,163,0.0,0.0,participated,
1964,Tokyo,TPE,Chinese Taipei,713,mapped,,0.0,0.0,0.0,0.0,501,163,0.0,0.0,participated,
1964,Tokyo,TTO,Trinidad and Tobago,52,mapped,,0.0,1.0,2.0,3.0,501,163,0.0059880239520958,0.0,participated,
1964,Tokyo,TUN,Tunisia,616,mapped,,0.0,1.0,1.0,2.0,501,163,0.0039920159680638,0.0,participated,
1964,Tokyo,TUR,Turkey,640,mapped,,2.0,3.0,1.0,6.0,501,163,0.0119760479041916,0.0122699386503067,participated,
1964,Tokyo,UGA,Uganda,500,mapped,,0.0,0.0,0.0,0.0,501,163,0.0,0.0,participated,
1964,Tokyo,URS,Soviet Union,365,mapped,,30.0,30.0,33.0,93.0,501,163,0.18562874251497,0.1840490797546012,participated,
1964,Tokyo,URU,Uruguay,165,mapped,,0.0,0.0,1.0,1.0,501,163,0.0019960079840319,0.0,participated,
1964,Tokyo,USA,United States,2,mapped,,36.0,26.0,28.0,90.0,501,163,0.1796407185628742,0.2208588957055214,participated,
1964,Tokyo,VEN,Venezuela,101,mapped,,0.0,0.0,0.0,0.0,501,163,0.0,0.0,participated,
1964,Tokyo,VNM,South Vietnam,817,mapped,,0.0,0.0,0.0,0.0,501,163,0.0,0.0,participated,
1964,Tokyo,YUG,Yugoslavia,345,mapped,,2.0,1.0,2.0,5.0,501,163,0.0099800399201596,0.0122699386503067,participated,
1964,Tokyo,ZAM,Zambia,551,mapped,,0.0,0.0,0.0,0.0,501,163,0.0,0.0,participated,
1964,Tokyo,ZIM,Rhodesia,552,mapped,,0.0,0.0,0.0,0.0,501,163,0.0,0.0,participated,
1968,Mexico City,AFG,Afghanistan,700,mapped,,0.0,0.0,0.0,0.0,527,174,0.0,0.0,participated,
1968,Mexico City,AHO,Netherlands Antilles,,excluded_non_sovereign,Olympic delegation does not correspond to an independent sovereign-state geometry in the adopted CShapes choropleth.,0.0,0.0,0.0,0.0,527,174,0.0,0.0,participated,
1968,Mexico City,ALG,Algeria,615,mapped,,0.0,0.0,0.0,0.0,527,174,0.0,0.0,participated,
1968,Mexico City,ARG,Argentina,160,mapped,,0.0,0.0,2.0,2.0,527,174,0.0037950664136622,0.0,participated,
1968,Mexico City,AUS,Australia,900,mapped,,5.0,7.0,5.0,17.0,527,174,0.032258064516129,0.028735632183908,participated,
1968,Mexico City,AUT,Austria,305,mapped,,0.0,2.0,2.0,4.0,527,174,0.0075901328273244,0.0,participated,
1968,Mexico City,BAH,Bahamas,31,mapped,,0.0,0.0,0.0,0.0,527,174,0.0,0.0,participated,
1968,Mexico City,BAR,Barbados,53,mapped,,0.0,0.0,0.0,0.0,527,174,0.0,0.0,participated,
1968,Mexico City,BEL,Belgium,211,mapped,,0.0,1.0,1.0,2.0,527,174,0.0037950664136622,0.0,participated,
1968,Mexico City,BER,Bermuda,,excluded_non_sovereign,Olympic delegation does not correspond to an independent sovereign-state geometry in the adopted CShapes choropleth.,0.0,0.0,0.0,0.0,527,174,0.0,0.0,participated,
1968,Mexico City,BIZ,Belize,80,mapped,,0.0,0.0,0.0,0.0,527,174,0.0,0.0,participated,
1968,Mexico City,BOL,Bolivia,145,mapped,,0.0,0.0,0.0,0.0,527,174,0.0,0.0,participated,
1968,Mexico City,BRA,Brazil,140,mapped,,0.0,1.0,2.0,3.0,527,174,0.0056925996204933,0.0,participated,
1968,Mexico City,BUL,Bulgaria,355,mapped,,2.0,4.0,3.0,9.0,527,174,0.01707779886148,0.0114942528735632,participated,
1968,Mexico City,CAF,Central African Republic,482,mapped,,0.0,0.0,0.0,0.0,527,174,0.0,0.0,participated,
1968,Mexico City,CAN,Canada,20,mapped,,1.0,3.0,1.0,5.0,527,174,0.0094876660341555,0.0057471264367816,participated,
1968,Mexico City,CHA,Chad,483,mapped,,0.0,0.0,0.0,0.0,527,174,0.0,0.0,participated,
1968,Mexico City,CHI,Chile,155,mapped,,0.0,0.0,0.0,0.0,527,174,0.0,0.0,participated,
1968,Mexico City,CIV,Cote d'Ivoire,437,mapped,,0.0,0.0,0.0,0.0,527,174,0.0,0.0,participated,
1968,Mexico City,CMR,Cameroon,471,mapped,,0.0,1.0,0.0,1.0,527,174,0.0018975332068311,0.0,participated,
1968,Mexico City,COD,Congo (Kinshasa),490,mapped,,0.0,0.0,0.0,0.0,527,174,0.0,0.0,participated,
1968,Mexico City,COL,Colombia,100,mapped,,0.0,0.0,0.0,0.0,527,174,0.0,0.0,participated,
1968,Mexico City,CRC,Costa Rica,94,mapped,,0.0,0.0,0.0,0.0,527,174,0.0,0.0,participated,
1968,Mexico City,CUB,Cuba,40,mapped,,0.0,4.0,0.0,4.0,527,174,0.0075901328273244,0.0,participated,
1968,Mexico City,DEN,Denmark,390,mapped,,1.0,4.0,3.0,8.0,527,174,0.0151802656546489,0.0057471264367816,participated,
1968,Mexico City,DOM,Dominican Republic,42,mapped,,0.0,0.0,0.0,0.0,527,174,0.0,0.0,participated,
1968,Mexico City,ECU,Ecuador,130,mapped,,0.0,0.0,0.0,0.0,527,174,0.0,0.0,participated,
1968,Mexico City,EGY,Egypt,651,mapped,,0.0,0.0,0.0,0.0,527,174,0.0,0.0,participated,
1968,Mexico City,ESA,El Salvador,92,mapped,,0.0,0.0,0.0,0.0,527,174,0.0,0.0,participated,
1968,Mexico City,ESP,Spain,230,mapped,,0.0,0.0,0.0,0.0,527,174,0.0,0.0,participated,
1968,Mexico City,ETH,Ethiopia,530,mapped,,1.0,1.0,0.0,2.0,527,174,0.0037950664136622,0.0057471264367816,participated,
1968,Mexico City,FIJ,Fiji,950,mapped,,0.0,0.0,0.0,0.0,527,174,0.0,0.0,participated,
1968,Mexico City,FIN,Finland,375,mapped,,1.0,2.0,1.0,4.0,527,174,0.0075901328273244,0.0057471264367816,participated,
1968,Mexico City,FRA,France,220,mapped,,7.0,3.0,5.0,15.0,527,174,0.0284629981024667,0.0402298850574712,participated,
1968,Mexico City,FRG,West Germany,260,mapped,,5.0,11.0,10.0,26.0,527,174,0.0493358633776091,0.028735632183908,participated,
1968,Mexico City,GBR,Great Britain,200,mapped,,5.0,5.0,3.0,13.0,527,174,0.0246679316888045,0.028735632183908,participated,
1968,Mexico City,GDR,East Germany,265,mapped,,9.0,9.0,7.0,25.0,527,174,0.0474383301707779,0.0517241379310344,participated,
1968,Mexico City,GHA,Ghana,452,mapped,,0.0,0.0,0.0,0.0,527,174,0.0,0.0,participated,
1968,Mexico City,GRE,Greece,350,mapped,,0.0,0.0,1.0,1.0,527,174,0.0018975332068311,0.0,participated,
1968,Mexico City,GUA,Guatemala,90,mapped,,0.0,0.0,0.0,0.0,527,174,0.0,0.0,participated,
1968,Mexico City,GUI,Guinea,438,mapped,,0.0,0.0,0.0,0.0,527,174,0.0,0.0,participated,
1968,Mexico City,GUY,Guyana,110,mapped,,0.0,0.0,0.0,0.0,527,174,0.0,0.0,participated,
1968,Mexico City,HKG,Hong Kong,,excluded_non_sovereign,Olympic delegation does not correspond to an independent sovereign-state geometry in the adopted CShapes choropleth.,0.0,0.0,0.0,0.0,527,174,0.0,0.0,participated,
1968,Mexico City,HON,Honduras,91,mapped,,0.0,0.0,0.0,0.0,527,174,0.0,0.0,participated,
1968,Mexico City,HUN,Hungary,310,mapped,,10.0,10.0,12.0,32.0,527,174,0.0607210626185958,0.057471264367816,participated,
1968,Mexico City,INA,Indonesia,850,mapped,,0.0,0.0,0.0,0.0,527,174,0.0,0.0,participated,
1968,Mexico City,IND,India,750,mapped,,0.0,0.0,1.0,1.0,527,174,0.0018975332068311,0.0,participated,
1968,Mexico City,IRI,Iran,630,mapped,,2.0,1.0,2.0,5.0,527,174,0.0094876660341555,0.0114942528735632,participated,
1968,Mexico City,IRL,Ireland,205,mapped,,0.0,0.0,0.0,0.0,527,174,0.0,0.0,participated,
1968,Mexico City,IRQ,Iraq,645,mapped,,0.0,0.0,0.0,0.0,527,174,0.0,0.0,participated,
1968,Mexico City,ISL,Iceland,395,mapped,,0.0,0.0,0.0,0.0,527,174,0.0,0.0,participated,
1968,Mexico City,ISR,Israel,666,mapped,,0.0,0.0,0.0,0.0,527,174,0.0,0.0,participated,
1968,Mexico City,ISV,United States Virgin Islands,,excluded_non_sovereign,Olympic delegation does not correspond to an independent sovereign-state geometry in the adopted CShapes choropleth.,0.0,0.0,0.0,0.0,527,174,0.0,0.0,participated,
1968,Mexico City,ITA,Italy,325,mapped,,3.0,4.0,9.0,16.0,527,174,0.0303605313092979,0.0172413793103448,participated,
1968,Mexico City,JAM,Jamaica,51,mapped,,0.0,1.0,0.0,1.0,527,174,0.0018975332068311,0.0,participated,
1968,Mexico City,JPN,Japan,740,mapped,,11.0,7.0,7.0,25.0,527,174,0.0474383301707779,0.0632183908045977,participated,
1968,Mexico City,KEN,Kenya,501,mapped,,3.0,4.0,2.0,9.0,527,174,0.01707779886148,0.0172413793103448,participated,
1968,Mexico City,KOR,South Korea,732,mapped,,0.0,1.0,1.0,2.0,527,174,0.0037950664136622,0.0,participated,
1968,Mexico City,KUW,Kuwait,690,mapped,,0.0,0.0,0.0,0.0,527,174,0.0,0.0,participated,
1968,Mexico City,LBA,Libya,620,mapped,,0.0,0.0,0.0,0.0,527,174,0.0,0.0,participated,
1968,Mexico City,LIB,Lebanon,660,mapped,,0.0,0.0,0.0,0.0,527,174,0.0,0.0,participated,
1968,Mexico City,LIE,Liechtenstein,,excluded_no_cshapes_geometry,No corresponding geometry is available in the adopted CShapes/Gleditsch-Ward sovereign-state basemap for this Olympic scope.,0.0,0.0,0.0,0.0,527,174,0.0,0.0,participated,
1968,Mexico City,LUX,Luxembourg,212,mapped,,0.0,0.0,0.0,0.0,527,174,0.0,0.0,participated,
1968,Mexico City,MAD,Madagascar,580,mapped,,0.0,0.0,0.0,0.0,527,174,0.0,0.0,participated,
1968,Mexico City,MAR,Morocco,600,mapped,,0.0,0.0,0.0,0.0,527,174,0.0,0.0,participated,
1968,Mexico City,MAS,Malaysia,820,mapped,,0.0,0.0,0.0,0.0,527,174,0.0,0.0,participated,
1968,Mexico City,MEX,Mexico,70,mapped,,3.0,3.0,3.0,9.0,527,174,0.01707779886148,0.0172413793103448,participated,
1968,Mexico City,MGL,Mongolia,712,mapped,,0.0,1.0,3.0,4.0,527,174,0.0075901328273244,0.0,participated,
1968,Mexico City,MLI,Mali,432,mapped,,0.0,0.0,0.0,0.0,527,174,0.0,0.0,participated,
1968,Mexico City,MLT,Malta,338,mapped,,0.0,0.0,0.0,0.0,527,174,0.0,0.0,participated,
1968,Mexico City,MON,Monaco,,excluded_no_cshapes_geometry,No corresponding geometry is available in the adopted CShapes/Gleditsch-Ward sovereign-state basemap for this Olympic scope.,0.0,0.0,0.0,0.0,527,174,0.0,0.0,participated,
1968,Mexico City,MYA,Myanmar,775,mapped,,0.0,0.0,0.0,0.0,527,174,0.0,0.0,participated,
1968,Mexico City,NCA,Nicaragua,93,mapped,,0.0,0.0,0.0,0.0,527,174,0.0,0.0,participated,
1968,Mexico City,NED,Netherlands,210,mapped,,3.0,3.0,1.0,7.0,527,174,0.0132827324478178,0.0172413793103448,participated,
1968,Mexico City,NGR,Nigeria,475,mapped,,0.0,0.0,0.0,0.0,527,174,0.0,0.0,participated,
1968,Mexico City,NIG,Niger,436,mapped,,0.0,0.0,0.0,0.0,527,174,0.0,0.0,participated,
1968,Mexico City,NOR,Norway,385,mapped,,1.0,1.0,0.0,2.0,527,174,0.0037950664136622,0.0057471264367816,participated,
1968,Mexico City,NZL,New Zealand,920,mapped,,1.0,0.0,2.0,3.0,527,174,0.0056925996204933,0.0057471264367816,participated,
1968,Mexico City,PAK,Pakistan,770,mapped,,1.0,0.0,0.0,1.0,527,174,0.0018975332068311,0.0057471264367816,participated,
1968,Mexico City,PAN,Panama,95,mapped,,0.0,0.0,0.0,0.0,527,174,0.0,0.0,participated,
1968,Mexico City,PAR,Paraguay,150,mapped,,0.0,0.0,0.0,0.0,527,174,0.0,0.0,participated,
1968,Mexico City,PER,Peru,135,mapped,,0.0,0.0,0.0,0.0,527,174,0.0,0.0,participated,
1968,Mexico City,PHI,Philippines,840,mapped,,0.0,0.0,0.0,0.0,527,174,0.0,0.0,participated,
1968,Mexico City,POL,Poland,290,mapped,,5.0,2.0,11.0,18.0,527,174,0.0341555977229601,0.028735632183908,participated,
1968,Mexico City,POR,Portugal,235,mapped,,0.0,0.0,0.0,0.0,527,174,0.0,0.0,participated,
1968,Mexico City,PUR,Puerto Rico,,excluded_non_sovereign,Olympic delegation does not correspond to an independent sovereign-state geometry in the adopted CShapes choropleth.,0.0,0.0,0.0,0.0,527,174,0.0,0.0,participated,
1968,Mexico City,ROU,Romania,360,mapped,,4.0,6.0,5.0,15.0,527,174,0.0284629981024667,0.0229885057471264,participated,
1968,Mexico City,SEN,Senegal,433,mapped,,0.0,0.0,0.0,0.0,527,174,0.0,0.0,participated,
1968,Mexico City,SGP,Singapore,830,mapped,,0.0,0.0,0.0,0.0,527,174,0.0,0.0,participated,
1968,Mexico City,SLE,Sierra Leone,451,mapped,,0.0,0.0,0.0,0.0,527,174,0.0,0.0,participated,
1968,Mexico City,SMR,San Marino,,excluded_no_cshapes_geometry,No corresponding geometry is available in the adopted CShapes/Gleditsch-Ward sovereign-state basemap for this Olympic scope.,0.0,0.0,0.0,0.0,527,174,0.0,0.0,participated,
1968,Mexico City,SRI,Sri Lanka,780,mapped,,0.0,0.0,0.0,0.0,527,174,0.0,0.0,participated,
1968,Mexico City,SUD,Sudan,625,mapped,,0.0,0.0,0.0,0.0,527,174,0.0,0.0,participated,
1968,Mexico City,SUI,Switzerland,225,mapped,,0.0,1.0,4.0,5.0,527,174,0.0094876660341555,0.0,participated,
1968,Mexico City,SUR,Suriname,115,mapped,,0.0,0.0,0.0,0.0,527,174,0.0,0.0,participated,
1968,Mexico City,SWE,Sweden,380,mapped,,2.0,1.0,1.0,4.0,527,174,0.0075901328273244,0.0114942528735632,participated,
1968,Mexico City,SYR,Syria,652,mapped,,0.0,0.0,0.0,0.0,527,174,0.0,0.0,participated,
1968,Mexico City,TAN,Tanzania,510,mapped,,0.0,0.0,0.0,0.0,527,174,0.0,0.0,participated,
1968,Mexico City,TCH,Czechoslovakia,315,mapped,,7.0,2.0,4.0,13.0,527,174,0.0246679316888045,0.0402298850574712,participated,
1968,Mexico City,THA,Thailand,800,mapped,,0.0,0.0,0.0,0.0,527,174,0.0,0.0,participated,
1968,Mexico City,TPE,Chinese Taipei,713,mapped,,0.0,0.0,1.0,1.0,527,174,0.0018975332068311,0.0,participated,
1968,Mexico City,TTO,Trinidad and Tobago,52,mapped,,0.0,0.0,0.0,0.0,527,174,0.0,0.0,participated,
1968,Mexico City,TUN,Tunisia,616,mapped,,1.0,0.0,1.0,2.0,527,174,0.0037950664136622,0.0057471264367816,participated,
1968,Mexico City,TUR,Turkey,640,mapped,,2.0,0.0,0.0,2.0,527,174,0.0037950664136622,0.0114942528735632,participated,
1968,Mexico City,UGA,Uganda,500,mapped,,0.0,1.0,1.0,2.0,527,174,0.0037950664136622,0.0,participated,
1968,Mexico City,URS,Soviet Union,365,mapped,,29.0,32.0,30.0,91.0,527,174,0.1726755218216318,0.1666666666666666,participated,
1968,Mexico City,URU,Uruguay,165,mapped,,0.0,0.0,0.0,0.0,527,174,0.0,0.0,participated,
1968,Mexico City,USA,United States,2,mapped,,45.0,28.0,34.0,107.0,527,174,0.2030360531309298,0.2586206896551724,participated,
1968,Mexico City,VEN,Venezuela,101,mapped,,1.0,0.0,0.0,1.0,527,174,0.0018975332068311,0.0057471264367816,participated,
1968,Mexico City,VNM,South Vietnam,817,mapped,,0.0,0.0,0.0,0.0,527,174,0.0,0.0,participated,
1968,Mexico City,YUG,Yugoslavia,345,mapped,,3.0,3.0,2.0,8.0,527,174,0.0151802656546489,0.0172413793103448,participated,
1968,Mexico City,ZAM,Zambia,551,mapped,,0.0,0.0,0.0,0.0,527,174,0.0,0.0,participated,
1972,Munich,AFG,Afghanistan,700,mapped,,0.0,0.0,0.0,0.0,600,195,0.0,0.0,participated,
1972,Munich,AHO,Netherlands Antilles,,excluded_non_sovereign,Olympic delegation does not correspond to an independent sovereign-state geometry in the adopted CShapes choropleth.,0.0,0.0,0.0,0.0,600,195,0.0,0.0,participated,
1972,Munich,ALB,Albania,339,mapped,,0.0,0.0,0.0,0.0,600,195,0.0,0.0,participated,
1972,Munich,ALG,Algeria,615,mapped,,0.0,0.0,0.0,0.0,600,195,0.0,0.0,participated,
1972,Munich,ARG,Argentina,160,mapped,,0.0,1.0,0.0,1.0,600,195,0.0016666666666666,0.0,participated,
1972,Munich,AUS,Australia,900,mapped,,8.0,7.0,2.0,17.0,600,195,0.0283333333333333,0.041025641025641,participated,
1972,Munich,AUT,Austria,305,mapped,,0.0,1.0,2.0,3.0,600,195,0.005,0.0,participated,
1972,Munich,BAH,Bahamas,31,mapped,,0.0,0.0,0.0,0.0,600,195,0.0,0.0,participated,
1972,Munich,BAR,Barbados,53,mapped,,0.0,0.0,0.0,0.0,600,195,0.0,0.0,participated,
1972,Munich,BEL,Belgium,211,mapped,,0.0,2.0,0.0,2.0,600,195,0.0033333333333333,0.0,participated,
1972,Munich,BEN,Benin,434,mapped,,0.0,0.0,0.0,0.0,600,195,0.0,0.0,participated,
1972,Munich,BER,Bermuda,,excluded_non_sovereign,Olympic delegation does not correspond to an independent sovereign-state geometry in the adopted CShapes choropleth.,0.0,0.0,0.0,0.0,600,195,0.0,0.0,participated,
1972,Munich,BIZ,Belize,80,mapped,,0.0,0.0,0.0,0.0,600,195,0.0,0.0,participated,
1972,Munich,BOL,Bolivia,145,mapped,,0.0,0.0,0.0,0.0,600,195,0.0,0.0,participated,
1972,Munich,BRA,Brazil,140,mapped,,0.0,0.0,2.0,2.0,600,195,0.0033333333333333,0.0,participated,
1972,Munich,BUL,Bulgaria,355,mapped,,6.0,10.0,5.0,21.0,600,195,0.035,0.0307692307692307,participated,
1972,Munich,BUR,Burkina Faso,439,mapped,,0.0,0.0,0.0,0.0,600,195,0.0,0.0,participated,
1972,Munich,CAM,Cambodia,811,mapped,,0.0,0.0,0.0,0.0,600,195,0.0,0.0,participated,
1972,Munich,CAN,Canada,20,mapped,,0.0,2.0,3.0,5.0,600,195,0.0083333333333333,0.0,participated,
1972,Munich,CGO,Congo (Brazzaville),484,mapped,,0.0,0.0,0.0,0.0,600,195,0.0,0.0,participated,
1972,Munich,CHA,Chad,483,mapped,,0.0,0.0,0.0,0.0,600,195,0.0,0.0,participated,
1972,Munich,CHI,Chile,155,mapped,,0.0,0.0,0.0,0.0,600,195,0.0,0.0,participated,
1972,Munich,CIV,Cote d'Ivoire,437,mapped,,0.0,0.0,0.0,0.0,600,195,0.0,0.0,participated,
1972,Munich,CMR,Cameroon,471,mapped,,0.0,0.0,0.0,0.0,600,195,0.0,0.0,participated,
1972,Munich,COL,Colombia,100,mapped,,0.0,1.0,2.0,3.0,600,195,0.005,0.0,participated,
1972,Munich,CRC,Costa Rica,94,mapped,,0.0,0.0,0.0,0.0,600,195,0.0,0.0,participated,
1972,Munich,CUB,Cuba,40,mapped,,3.0,1.0,4.0,8.0,600,195,0.0133333333333333,0.0153846153846153,participated,
1972,Munich,DEN,Denmark,390,mapped,,1.0,0.0,0.0,1.0,600,195,0.0016666666666666,0.0051282051282051,participated,
1972,Munich,DOM,Dominican Republic,42,mapped,,0.0,0.0,0.0,0.0,600,195,0.0,0.0,participated,
1972,Munich,ECU,Ecuador,130,mapped,,0.0,0.0,0.0,0.0,600,195,0.0,0.0,participated,
1972,Munich,EGY,Egypt,651,mapped,,0.0,0.0,0.0,0.0,600,195,0.0,0.0,participated,
1972,Munich,ESA,El Salvador,92,mapped,,0.0,0.0,0.0,0.0,600,195,0.0,0.0,participated,
1972,Munich,ESP,Spain,230,mapped,,0.0,0.0,1.0,1.0,600,195,0.0016666666666666,0.0,participated,
1972,Munich,ETH,Ethiopia,530,mapped,,0.0,0.0,2.0,2.0,600,195,0.0033333333333333,0.0,participated,
1972,Munich,FIJ,Fiji,950,mapped,,0.0,0.0,0.0,0.0,600,195,0.0,0.0,participated,
1972,Munich,FIN,Finland,375,mapped,,3.0,1.0,4.0,8.0,600,195,0.0133333333333333,0.0153846153846153,participated,
1972,Munich,FRA,France,220,mapped,,2.0,4.0,7.0,13.0,600,195,0.0216666666666666,0.0102564102564102,participated,
1972,Munich,FRG,West Germany,260,mapped,,13.0,11.0,16.0,40.0,600,195,0.0666666666666666,0.0666666666666666,participated,
1972,Munich,GAB,Gabon,481,mapped,,0.0,0.0,0.0,0.0,600,195,0.0,0.0,participated,
1972,Munich,GBR,Great Britain,200,mapped,,4.0,5.0,9.0,18.0,600,195,0.03,0.0205128205128205,participated,
1972,Munich,GDR,East Germany,265,mapped,,20.0,23.0,23.0,66.0,600,195,0.11,0.1025641025641025,participated,
1972,Munich,GHA,Ghana,452,mapped,,0.0,0.0,1.0,1.0,600,195,0.0016666666666666,0.0,participated,
1972,Munich,GRE,Greece,350,mapped,,0.0,2.0,0.0,2.0,600,195,0.0033333333333333,0.0,participated,
1972,Munich,GUA,Guatemala,90,mapped,,0.0,0.0,0.0,0.0,600,195,0.0,0.0,participated,
1972,Munich,GUY,Guyana,110,mapped,,0.0,0.0,0.0,0.0,600,195,0.0,0.0,participated,
1972,Munich,HAI,Haiti,41,mapped,,0.0,0.0,0.0,0.0,600,195,0.0,0.0,participated,
1972,Munich,HKG,Hong Kong,,excluded_non_sovereign,Olympic delegation does not correspond to an independent sovereign-state geometry in the adopted CShapes choropleth.,0.0,0.0,0.0,0.0,600,195,0.0,0.0,participated,
1972,Munich,HUN,Hungary,310,mapped,,6.0,13.0,16.0,35.0,600,195,0.0583333333333333,0.0307692307692307,participated,
1972,Munich,INA,Indonesia,850,mapped,,0.0,0.0,0.0,0.0,600,195,0.0,0.0,participated,
1972,Munich,IND,India,750,mapped,,0.0,0.0,1.0,1.0,600,195,0.0016666666666666,0.0,participated,
1972,Munich,IRI,Iran,630,mapped,,0.0,2.0,1.0,3.0,600,195,0.005,0.0,participated,
1972,Munich,IRL,Ireland,205,mapped,,0.0,0.0,0.0,0.0,600,195,0.0,0.0,participated,
1972,Munich,ISL,Iceland,395,mapped,,0.0,0.0,0.0,0.0,600,195,0.0,0.0,participated,
1972,Munich,ISR,Israel,666,mapped,,0.0,0.0,0.0,0.0,600,195,0.0,0.0,participated,
1972,Munich,ISV,United States Virgin Islands,,excluded_non_sovereign,Olympic delegation does not correspond to an independent sovereign-state geometry in the adopted CShapes choropleth.,0.0,0.0,0.0,0.0,600,195,0.0,0.0,participated,
1972,Munich,ITA,Italy,325,mapped,,5.0,3.0,10.0,18.0,600,195,0.03,0.0256410256410256,participated,
1972,Munich,JAM,Jamaica,51,mapped,,0.0,0.0,1.0,1.0,600,195,0.0016666666666666,0.0,participated,
1972,Munich,JPN,Japan,740,mapped,,13.0,8.0,8.0,29.0,600,195,0.0483333333333333,0.0666666666666666,participated,
1972,Munich,KEN,Kenya,501,mapped,,2.0,3.0,4.0,9.0,600,195,0.015,0.0102564102564102,participated,
1972,Munich,KOR,South Korea,732,mapped,,0.0,1.0,0.0,1.0,600,195,0.0016666666666666,0.0,participated,
1972,Munich,KSA,Saudi Arabia,670,mapped,,0.0,0.0,0.0,0.0,600,195,0.0,0.0,participated,
1972,Munich,KUW,Kuwait,690,mapped,,0.0,0.0,0.0,0.0,600,195,0.0,0.0,participated,
1972,Munich,LBR,Liberia,450,mapped,,0.0,0.0,0.0,0.0,600,195,0.0,0.0,participated,
1972,Munich,LES,Lesotho,570,mapped,,0.0,0.0,0.0,0.0,600,195,0.0,0.0,participated,
1972,Munich,LIB,Lebanon,660,mapped,,0.0,1.0,0.0,1.0,600,195,0.0016666666666666,0.0,participated,
1972,Munich,LIE,Liechtenstein,,excluded_no_cshapes_geometry,No corresponding geometry is available in the adopted CShapes/Gleditsch-Ward sovereign-state basemap for this Olympic scope.,0.0,0.0,0.0,0.0,600,195,0.0,0.0,participated,
1972,Munich,LUX,Luxembourg,212,mapped,,0.0,0.0,0.0,0.0,600,195,0.0,0.0,participated,
1972,Munich,MAD,Madagascar,580,mapped,,0.0,0.0,0.0,0.0,600,195,0.0,0.0,participated,
1972,Munich,MAR,Morocco,600,mapped,,0.0,0.0,0.0,0.0,600,195,0.0,0.0,participated,
1972,Munich,MAS,Malaysia,820,mapped,,0.0,0.0,0.0,0.0,600,195,0.0,0.0,participated,
1972,Munich,MAW,Malawi,553,mapped,,0.0,0.0,0.0,0.0,600,195,0.0,0.0,participated,
1972,Munich,MEX,Mexico,70,mapped,,0.0,1.0,0.0,1.0,600,195,0.0016666666666666,0.0,participated,
1972,Munich,MGL,Mongolia,712,mapped,,0.0,1.0,0.0,1.0,600,195,0.0016666666666666,0.0,participated,
1972,Munich,MLI,Mali,432,mapped,,0.0,0.0,0.0,0.0,600,195,0.0,0.0,participated,
1972,Munich,MLT,Malta,338,mapped,,0.0,0.0,0.0,0.0,600,195,0.0,0.0,participated,
1972,Munich,MON,Monaco,,excluded_no_cshapes_geometry,No corresponding geometry is available in the adopted CShapes/Gleditsch-Ward sovereign-state basemap for this Olympic scope.,0.0,0.0,0.0,0.0,600,195,0.0,0.0,participated,
1972,Munich,MYA,Myanmar,775,mapped,,0.0,0.0,0.0,0.0,600,195,0.0,0.0,participated,
1972,Munich,NCA,Nicaragua,93,mapped,,0.0,0.0,0.0,0.0,600,195,0.0,0.0,participated,
1972,Munich,NED,Netherlands,210,mapped,,3.0,1.0,1.0,5.0,600,195,0.0083333333333333,0.0153846153846153,participated,
1972,Munich,NEP,Nepal,790,mapped,,0.0,0.0,0.0,0.0,600,195,0.0,0.0,participated,
1972,Munich,NGR,Nigeria,475,mapped,,0.0,0.0,1.0,1.0,600,195,0.0016666666666666,0.0,participated,
1972,Munich,NIG,Niger,436,mapped,,0.0,0.0,1.0,1.0,600,195,0.0016666666666666,0.0,participated,
1972,Munich,NOR,Norway,385,mapped,,2.0,1.0,1.0,4.0,600,195,0.0066666666666666,0.0102564102564102,participated,
1972,Munich,NZL,New Zealand,920,mapped,,1.0,1.0,1.0,3.0,600,195,0.005,0.0051282051282051,participated,
1972,Munich,PAK,Pakistan,770,mapped,,0.0,1.0,0.0,1.0,600,195,0.0016666666666666,0.0,participated,
1972,Munich,PAN,Panama,95,mapped,,0.0,0.0,0.0,0.0,600,195,0.0,0.0,participated,
1972,Munich,PAR,Paraguay,150,mapped,,0.0,0.0,0.0,0.0,600,195,0.0,0.0,participated,
1972,Munich,PER,Peru,135,mapped,,0.0,0.0,0.0,0.0,600,195,0.0,0.0,participated,
1972,Munich,PHI,Philippines,840,mapped,,0.0,0.0,0.0,0.0,600,195,0.0,0.0,participated,
1972,Munich,POL,Poland,290,mapped,,7.0,5.0,9.0,21.0,600,195,0.035,0.0358974358974358,participated,
1972,Munich,POR,Portugal,235,mapped,,0.0,0.0,0.0,0.0,600,195,0.0,0.0,participated,
1972,Munich,PRK,North Korea,731,mapped,,1.0,1.0,3.0,5.0,600,195,0.0083333333333333,0.0051282051282051,participated,
1972,Munich,PUR,Puerto Rico,,excluded_non_sovereign,Olympic delegation does not correspond to an independent sovereign-state geometry in the adopted CShapes choropleth.,0.0,0.0,0.0,0.0,600,195,0.0,0.0,participated,
1972,Munich,ROU,Romania,360,mapped,,3.0,6.0,7.0,16.0,600,195,0.0266666666666666,0.0153846153846153,participated,
1972,Munich,SEN,Senegal,433,mapped,,0.0,0.0,0.0,0.0,600,195,0.0,0.0,participated,
1972,Munich,SGP,Singapore,830,mapped,,0.0,0.0,0.0,0.0,600,195,0.0,0.0,participated,
1972,Munich,SMR,San Marino,,excluded_no_cshapes_geometry,No corresponding geometry is available in the adopted CShapes/Gleditsch-Ward sovereign-state basemap for this Olympic scope.,0.0,0.0,0.0,0.0,600,195,0.0,0.0,participated,
1972,Munich,SOM,Somalia,520,mapped,,0.0,0.0,0.0,0.0,600,195,0.0,0.0,participated,
1972,Munich,SRI,Sri Lanka,780,mapped,,0.0,0.0,0.0,0.0,600,195,0.0,0.0,participated,
1972,Munich,SUD,Sudan,625,mapped,,0.0,0.0,0.0,0.0,600,195,0.0,0.0,participated,
1972,Munich,SUI,Switzerland,225,mapped,,0.0,3.0,0.0,3.0,600,195,0.005,0.0,participated,
1972,Munich,SUR,Suriname,115,mapped,,0.0,0.0,0.0,0.0,600,195,0.0,0.0,participated,
1972,Munich,SWE,Sweden,380,mapped,,4.0,6.0,6.0,16.0,600,195,0.0266666666666666,0.0205128205128205,participated,
1972,Munich,SWZ,Swaziland,572,mapped,,0.0,0.0,0.0,0.0,600,195,0.0,0.0,participated,
1972,Munich,SYR,Syria,652,mapped,,0.0,0.0,0.0,0.0,600,195,0.0,0.0,participated,
1972,Munich,TAN,Tanzania,510,mapped,,0.0,0.0,0.0,0.0,600,195,0.0,0.0,participated,
1972,Munich,TCH,Czechoslovakia,315,mapped,,2.0,4.0,2.0,8.0,600,195,0.0133333333333333,0.0102564102564102,participated,
1972,Munich,THA,Thailand,800,mapped,,0.0,0.0,0.0,0.0,600,195,0.0,0.0,participated,
1972,Munich,TOG,Togo,461,mapped,,0.0,0.0,0.0,0.0,600,195,0.0,0.0,participated,
1972,Munich,TPE,Chinese Taipei,713,mapped,,0.0,0.0,0.0,0.0,600,195,0.0,0.0,participated,
1972,Munich,TTO,Trinidad and Tobago,52,mapped,,0.0,0.0,0.0,0.0,600,195,0.0,0.0,participated,
1972,Munich,TUN,Tunisia,616,mapped,,0.0,1.0,0.0,1.0,600,195,0.0016666666666666,0.0,participated,
1972,Munich,TUR,Turkey,640,mapped,,0.0,1.0,0.0,1.0,600,195,0.0016666666666666,0.0,participated,
1972,Munich,UGA,Uganda,500,mapped,,1.0,1.0,0.0,2.0,600,195,0.0033333333333333,0.0051282051282051,participated,
1972,Munich,URS,Soviet Union,365,mapped,,50.0,27.0,22.0,99.0,600,195,0.165,0.2564102564102564,participated,
1972,Munich,URU,Uruguay,165,mapped,,0.0,0.0,0.0,0.0,600,195,0.0,0.0,participated,
1972,Munich,USA,United States,2,mapped,,33.0,31.0,30.0,94.0,600,195,0.1566666666666666,0.1692307692307692,participated,
1972,Munich,VEN,Venezuela,101,mapped,,0.0,0.0,0.0,0.0,600,195,0.0,0.0,participated,
1972,Munich,VNM,South Vietnam,817,mapped,,0.0,0.0,0.0,0.0,600,195,0.0,0.0,participated,
1972,Munich,YUG,Yugoslavia,345,mapped,,2.0,1.0,2.0,5.0,600,195,0.0083333333333333,0.0102564102564102,participated,
1972,Munich,ZAM,Zambia,551,mapped,,0.0,0.0,0.0,0.0,600,195,0.0,0.0,participated,
1976,Montreal,AHO,Netherlands Antilles,,excluded_non_sovereign,Olympic delegation does not correspond to an independent sovereign-state geometry in the adopted CShapes choropleth.,0.0,0.0,0.0,0.0,613,198,0.0,0.0,participated,
1976,Montreal,AND,Andorra,,excluded_no_cshapes_geometry,No corresponding geometry is available in the adopted CShapes/Gleditsch-Ward sovereign-state basemap for this Olympic scope.,0.0,0.0,0.0,0.0,613,198,0.0,0.0,participated,
1976,Montreal,ANT,Antigua and Barbuda,,excluded_no_cshapes_geometry,No corresponding geometry is available in the adopted CShapes/Gleditsch-Ward sovereign-state basemap for this Olympic scope.,0.0,0.0,0.0,0.0,613,198,0.0,0.0,participated,
1976,Montreal,ARG,Argentina,160,mapped,,0.0,0.0,0.0,0.0,613,198,0.0,0.0,participated,
1976,Montreal,AUS,Australia,900,mapped,,0.0,1.0,4.0,5.0,613,198,0.0081566068515497,0.0,participated,
1976,Montreal,AUT,Austria,305,mapped,,0.0,0.0,1.0,1.0,613,198,0.0016313213703099,0.0,participated,
1976,Montreal,BAH,Bahamas,31,mapped,,0.0,0.0,0.0,0.0,613,198,0.0,0.0,participated,
1976,Montreal,BAR,Barbados,53,mapped,,0.0,0.0,0.0,0.0,613,198,0.0,0.0,participated,
1976,Montreal,BEL,Belgium,211,mapped,,0.0,3.0,3.0,6.0,613,198,0.0097879282218597,0.0,participated,
1976,Montreal,BER,Bermuda,,excluded_non_sovereign,Olympic delegation does not correspond to an independent sovereign-state geometry in the adopted CShapes choropleth.,0.0,0.0,1.0,1.0,613,198,0.0016313213703099,0.0,participated,
1976,Montreal,BIZ,Belize,80,mapped,,0.0,0.0,0.0,0.0,613,198,0.0,0.0,participated,
1976,Montreal,BOL,Bolivia,145,mapped,,0.0,0.0,0.0,0.0,613,198,0.0,0.0,participated,
1976,Montreal,BRA,Brazil,140,mapped,,0.0,0.0,2.0,2.0,613,198,0.0032626427406199,0.0,participated,
1976,Montreal,BUL,Bulgaria,355,mapped,,6.0,9.0,7.0,22.0,613,198,0.0358890701468189,0.0303030303030303,participated,
1976,Montreal,CAN,Canada,20,mapped,,0.0,5.0,6.0,11.0,613,198,0.0179445350734094,0.0,participated,
1976,Montreal,CAY,Cayman Islands,,excluded_non_sovereign,Olympic delegation does not correspond to an independent sovereign-state geometry in the adopted CShapes choropleth.,0.0,0.0,0.0,0.0,613,198,0.0,0.0,participated,
1976,Montreal,CHI,Chile,155,mapped,,0.0,0.0,0.0,0.0,613,198,0.0,0.0,participated,
1976,Montreal,CIV,Cote d'Ivoire,437,mapped,,0.0,0.0,0.0,0.0,613,198,0.0,0.0,participated,
1976,Montreal,CMR,Cameroon,471,mapped,,0.0,0.0,0.0,0.0,613,198,0.0,0.0,participated,
1976,Montreal,COL,Colombia,100,mapped,,0.0,0.0,0.0,0.0,613,198,0.0,0.0,participated,
1976,Montreal,CRC,Costa Rica,94,mapped,,0.0,0.0,0.0,0.0,613,198,0.0,0.0,participated,
1976,Montreal,CUB,Cuba,40,mapped,,6.0,4.0,3.0,13.0,613,198,0.0212071778140293,0.0303030303030303,participated,
1976,Montreal,DEN,Denmark,390,mapped,,1.0,0.0,2.0,3.0,613,198,0.0048939641109298,0.005050505050505,participated,
1976,Montreal,DOM,Dominican Republic,42,mapped,,0.0,0.0,0.0,0.0,613,198,0.0,0.0,participated,
1976,Montreal,ECU,Ecuador,130,mapped,,0.0,0.0,0.0,0.0,613,198,0.0,0.0,participated,
1976,Montreal,EGY,Egypt,651,mapped,,0.0,0.0,0.0,0.0,613,198,0.0,0.0,participated,
1976,Montreal,ESP,Spain,230,mapped,,0.0,2.0,0.0,2.0,613,198,0.0032626427406199,0.0,participated,
1976,Montreal,FIJ,Fiji,950,mapped,,0.0,0.0,0.0,0.0,613,198,0.0,0.0,participated,
1976,Montreal,FIN,Finland,375,mapped,,4.0,2.0,0.0,6.0,613,198,0.0097879282218597,0.0202020202020202,participated,
1976,Montreal,FRA,France,220,mapped,,2.0,3.0,4.0,9.0,613,198,0.0146818923327895,0.0101010101010101,participated,
1976,Montreal,FRG,West Germany,260,mapped,,10.0,12.0,17.0,39.0,613,198,0.0636215334420881,0.0505050505050505,participated,
1976,Montreal,GBR,Great Britain,200,mapped,,3.0,5.0,5.0,13.0,613,198,0.0212071778140293,0.0151515151515151,participated,
1976,Montreal,GDR,East Germany,265,mapped,,40.0,25.0,25.0,90.0,613,198,0.1468189233278956,0.202020202020202,participated,
1976,Montreal,GRE,Greece,350,mapped,,0.0,0.0,0.0,0.0,613,198,0.0,0.0,participated,
1976,Montreal,GUA,Guatemala,90,mapped,,0.0,0.0,0.0,0.0,613,198,0.0,0.0,participated,
1976,Montreal,HAI,Haiti,41,mapped,,0.0,0.0,0.0,0.0,613,198,0.0,0.0,participated,
1976,Montreal,HKG,Hong Kong,,excluded_non_sovereign,Olympic delegation does not correspond to an independent sovereign-state geometry in the adopted CShapes choropleth.,0.0,0.0,0.0,0.0,613,198,0.0,0.0,participated,
1976,Montreal,HON,Honduras,91,mapped,,0.0,0.0,0.0,0.0,613,198,0.0,0.0,participated,
1976,Montreal,HUN,Hungary,310,mapped,,4.0,5.0,13.0,22.0,613,198,0.0358890701468189,0.0202020202020202,participated,
1976,Montreal,INA,Indonesia,850,mapped,,0.0,0.0,0.0,0.0,613,198,0.0,0.0,participated,
1976,Montreal,IND,India,750,mapped,,0.0,0.0,0.0,0.0,613,198,0.0,0.0,participated,
1976,Montreal,IRI,Iran,630,mapped,,0.0,1.0,1.0,2.0,613,198,0.0032626427406199,0.0,participated,
1976,Montreal,IRL,Ireland,205,mapped,,0.0,0.0,0.0,0.0,613,198,0.0,0.0,participated,
1976,Montreal,ISL,Iceland,395,mapped,,0.0,0.0,0.0,0.0,613,198,0.0,0.0,participated,
1976,Montreal,ISR,Israel,666,mapped,,0.0,0.0,0.0,0.0,613,198,0.0,0.0,participated,
1976,Montreal,ISV,United States Virgin Islands,,excluded_non_sovereign,Olympic delegation does not correspond to an independent sovereign-state geometry in the adopted CShapes choropleth.,0.0,0.0,0.0,0.0,613,198,0.0,0.0,participated,
1976,Montreal,ITA,Italy,325,mapped,,2.0,7.0,4.0,13.0,613,198,0.0212071778140293,0.0101010101010101,participated,
1976,Montreal,JAM,Jamaica,51,mapped,,1.0,1.0,0.0,2.0,613,198,0.0032626427406199,0.005050505050505,participated,
1976,Montreal,JPN,Japan,740,mapped,,9.0,6.0,10.0,25.0,613,198,0.0407830342577487,0.0454545454545454,participated,
1976,Montreal,KOR,South Korea,732,mapped,,1.0,1.0,4.0,6.0,613,198,0.0097879282218597,0.005050505050505,participated,
1976,Montreal,KSA,Saudi Arabia,670,mapped,,0.0,0.0,0.0,0.0,613,198,0.0,0.0,participated,
1976,Montreal,KUW,Kuwait,690,mapped,,0.0,0.0,0.0,0.0,613,198,0.0,0.0,participated,
1976,Montreal,LIB,Lebanon,660,mapped,,0.0,0.0,0.0,0.0,613,198,0.0,0.0,participated,
1976,Montreal,LIE,Liechtenstein,,excluded_no_cshapes_geometry,No corresponding geometry is available in the adopted CShapes/Gleditsch-Ward sovereign-state basemap for this Olympic scope.,0.0,0.0,0.0,0.0,613,198,0.0,0.0,participated,
1976,Montreal,LUX,Luxembourg,212,mapped,,0.0,0.0,0.0,0.0,613,198,0.0,0.0,participated,
1976,Montreal,MAR,Morocco,600,mapped,,0.0,0.0,0.0,0.0,613,198,0.0,0.0,participated,
1976,Montreal,MAS,Malaysia,820,mapped,,0.0,0.0,0.0,0.0,613,198,0.0,0.0,participated,
1976,Montreal,MEX,Mexico,70,mapped,,1.0,0.0,1.0,2.0,613,198,0.0032626427406199,0.005050505050505,participated,
1976,Montreal,MGL,Mongolia,712,mapped,,0.0,1.0,0.0,1.0,613,198,0.0016313213703099,0.0,participated,
1976,Montreal,MON,Monaco,,excluded_no_cshapes_geometry,No corresponding geometry is available in the adopted CShapes/Gleditsch-Ward sovereign-state basemap for this Olympic scope.,0.0,0.0,0.0,0.0,613,198,0.0,0.0,participated,
1976,Montreal,NCA,Nicaragua,93,mapped,,0.0,0.0,0.0,0.0,613,198,0.0,0.0,participated,
1976,Montreal,NED,Netherlands,210,mapped,,0.0,2.0,3.0,5.0,613,198,0.0081566068515497,0.0,participated,
1976,Montreal,NEP,Nepal,790,mapped,,0.0,0.0,0.0,0.0,613,198,0.0,0.0,participated,
1976,Montreal,NOR,Norway,385,mapped,,1.0,1.0,0.0,2.0,613,198,0.0032626427406199,0.005050505050505,participated,
1976,Montreal,NZL,New Zealand,920,mapped,,2.0,1.0,1.0,4.0,613,198,0.0065252854812398,0.0101010101010101,participated,
1976,Montreal,PAK,Pakistan,770,mapped,,0.0,0.0,1.0,1.0,613,198,0.0016313213703099,0.0,participated,
1976,Montreal,PAN,Panama,95,mapped,,0.0,0.0,0.0,0.0,613,198,0.0,0.0,participated,
1976,Montreal,PAR,Paraguay,150,mapped,,0.0,0.0,0.0,0.0,613,198,0.0,0.0,participated,
1976,Montreal,PER,Peru,135,mapped,,0.0,0.0,0.0,0.0,613,198,0.0,0.0,participated,
1976,Montreal,PHI,Philippines,840,mapped,,0.0,0.0,0.0,0.0,613,198,0.0,0.0,participated,
1976,Montreal,PNG,Papua New Guinea,910,mapped,,0.0,0.0,0.0,0.0,613,198,0.0,0.0,participated,
1976,Montreal,POL,Poland,290,mapped,,7.0,6.0,13.0,26.0,613,198,0.0424143556280587,0.0353535353535353,participated,
1976,Montreal,POR,Portugal,235,mapped,,0.0,2.0,0.0,2.0,613,198,0.0032626427406199,0.0,participated,
1976,Montreal,PRK,North Korea,731,mapped,,1.0,1.0,0.0,2.0,613,198,0.0032626427406199,0.005050505050505,participated,
1976,Montreal,PUR,Puerto Rico,,excluded_non_sovereign,Olympic delegation does not correspond to an independent sovereign-state geometry in the adopted CShapes choropleth.,0.0,0.0,1.0,1.0,613,198,0.0016313213703099,0.0,participated,
1976,Montreal,ROU,Romania,360,mapped,,4.0,9.0,14.0,27.0,613,198,0.0440456769983686,0.0202020202020202,participated,
1976,Montreal,SEN,Senegal,433,mapped,,0.0,0.0,0.0,0.0,613,198,0.0,0.0,participated,
1976,Montreal,SGP,Singapore,830,mapped,,0.0,0.0,0.0,0.0,613,198,0.0,0.0,participated,
1976,Montreal,SMR,San Marino,,excluded_no_cshapes_geometry,No corresponding geometry is available in the adopted CShapes/Gleditsch-Ward sovereign-state basemap for this Olympic scope.,0.0,0.0,0.0,0.0,613,198,0.0,0.0,participated,
1976,Montreal,SUI,Switzerland,225,mapped,,1.0,1.0,2.0,4.0,613,198,0.0065252854812398,0.005050505050505,participated,
1976,Montreal,SUR,Suriname,115,mapped,,0.0,0.0,0.0,0.0,613,198,0.0,0.0,participated,
1976,Montreal,SWE,Sweden,380,mapped,,4.0,1.0,0.0,5.0,613,198,0.0081566068515497,0.0202020202020202,participated,
1976,Montreal,TCH,Czechoslovakia,315,mapped,,2.0,2.0,4.0,8.0,613,198,0.0130505709624796,0.0101010101010101,participated,
1976,Montreal,THA,Thailand,800,mapped,,0.0,0.0,1.0,1.0,613,198,0.0016313213703099,0.0,participated,
1976,Montreal,TTO,Trinidad and Tobago,52,mapped,,1.0,0.0,0.0,1.0,613,198,0.0016313213703099,0.005050505050505,participated,
1976,Montreal,TUN,Tunisia,616,mapped,,0.0,0.0,0.0,0.0,613,198,0.0,0.0,participated,
1976,Montreal,TUR,Turkey,640,mapped,,0.0,0.0,0.0,0.0,613,198,0.0,0.0,participated,
1976,Montreal,URS,Soviet Union,365,mapped,,49.0,41.0,35.0,125.0,613,198,0.2039151712887439,0.2474747474747475,participated,
1976,Montreal,URU,Uruguay,165,mapped,,0.0,0.0,0.0,0.0,613,198,0.0,0.0,participated,
1976,Montreal,USA,United States,2,mapped,,34.0,35.0,25.0,94.0,613,198,0.1533442088091354,0.1717171717171717,participated,
1976,Montreal,VEN,Venezuela,101,mapped,,0.0,1.0,0.0,1.0,613,198,0.0016313213703099,0.0,participated,
1976,Montreal,YUG,Yugoslavia,345,mapped,,2.0,3.0,3.0,8.0,613,198,0.0130505709624796,0.0101010101010101,participated,
1980,Moskva,AFG,Afghanistan,700,mapped,,0.0,0.0,0.0,0.0,631,204,0.0,0.0,participated,
1980,Moskva,ALG,Algeria,615,mapped,,0.0,0.0,0.0,0.0,631,204,0.0,0.0,participated,
1980,Moskva,AND,Andorra,,excluded_no_cshapes_geometry,No corresponding geometry is available in the adopted CShapes/Gleditsch-Ward sovereign-state basemap for this Olympic scope.,0.0,0.0,0.0,0.0,631,204,0.0,0.0,participated,
1980,Moskva,ANG,Angola,540,mapped,,0.0,0.0,0.0,0.0,631,204,0.0,0.0,participated,
1980,Moskva,AUS,Australia,900,mapped,,2.0,2.0,5.0,9.0,631,204,0.0142630744849445,0.0098039215686274,participated,
1980,Moskva,AUT,Austria,305,mapped,,1.0,2.0,1.0,4.0,631,204,0.0063391442155309,0.0049019607843137,participated,
1980,Moskva,BEL,Belgium,211,mapped,,1.0,0.0,0.0,1.0,631,204,0.0015847860538827,0.0049019607843137,participated,
1980,Moskva,BEN,Benin,434,mapped,,0.0,0.0,0.0,0.0,631,204,0.0,0.0,participated,
1980,Moskva,BOT,Botswana,571,mapped,,0.0,0.0,0.0,0.0,631,204,0.0,0.0,participated,
1980,Moskva,BRA,Brazil,140,mapped,,2.0,0.0,2.0,4.0,631,204,0.0063391442155309,0.0098039215686274,participated,
1980,Moskva,BUL,Bulgaria,355,mapped,,8.0,16.0,17.0,41.0,631,204,0.0649762282091917,0.0392156862745098,participated,
1980,Moskva,CGO,Congo (Brazzaville),484,mapped,,0.0,0.0,0.0,0.0,631,204,0.0,0.0,participated,
1980,Moskva,CMR,Cameroon,471,mapped,,0.0,0.0,0.0,0.0,631,204,0.0,0.0,participated,
1980,Moskva,COL,Colombia,100,mapped,,0.0,0.0,0.0,0.0,631,204,0.0,0.0,participated,
1980,Moskva,CRC,Costa Rica,94,mapped,,0.0,0.0,0.0,0.0,631,204,0.0,0.0,participated,
1980,Moskva,CUB,Cuba,40,mapped,,8.0,7.0,5.0,20.0,631,204,0.0316957210776545,0.0392156862745098,participated,
1980,Moskva,CYP,Cyprus,352,mapped,,0.0,0.0,0.0,0.0,631,204,0.0,0.0,participated,
1980,Moskva,DEN,Denmark,390,mapped,,2.0,1.0,2.0,5.0,631,204,0.0079239302694136,0.0098039215686274,participated,
1980,Moskva,DOM,Dominican Republic,42,mapped,,0.0,0.0,0.0,0.0,631,204,0.0,0.0,participated,
1980,Moskva,ECU,Ecuador,130,mapped,,0.0,0.0,0.0,0.0,631,204,0.0,0.0,participated,
1980,Moskva,ESP,Spain,230,mapped,,1.0,3.0,2.0,6.0,631,204,0.0095087163232963,0.0049019607843137,participated,
1980,Moskva,ETH,Ethiopia,530,mapped,,2.0,0.0,2.0,4.0,631,204,0.0063391442155309,0.0098039215686274,participated,
1980,Moskva,FIN,Finland,375,mapped,,3.0,1.0,4.0,8.0,631,204,0.0126782884310618,0.0147058823529411,participated,
1980,Moskva,FRA,France,220,mapped,,6.0,5.0,3.0,14.0,631,204,0.0221870047543581,0.0294117647058823,participated,
1980,Moskva,GBR,Great Britain,200,mapped,,5.0,7.0,9.0,21.0,631,204,0.0332805071315372,0.0245098039215686,participated,
1980,Moskva,GDR,East Germany,265,mapped,,47.0,37.0,42.0,126.0,631,204,0.1996830427892234,0.230392156862745,participated,
1980,Moskva,GRE,Greece,350,mapped,,1.0,0.0,2.0,3.0,631,204,0.0047543581616481,0.0049019607843137,participated,
1980,Moskva,GUA,Guatemala,90,mapped,,0.0,0.0,0.0,0.0,631,204,0.0,0.0,participated,
1980,Moskva,GUI,Guinea,438,mapped,,0.0,0.0,0.0,0.0,631,204,0.0,0.0,participated,
1980,Moskva,GUY,Guyana,110,mapped,,0.0,0.0,1.0,1.0,631,204,0.0015847860538827,0.0,participated,
1980,Moskva,HUN,Hungary,310,mapped,,7.0,10.0,15.0,32.0,631,204,0.0507131537242472,0.034313725490196,participated,
1980,Moskva,IND,India,750,mapped,,1.0,0.0,0.0,1.0,631,204,0.0015847860538827,0.0049019607843137,participated,
1980,Moskva,IRL,Ireland,205,mapped,,0.0,1.0,1.0,2.0,631,204,0.0031695721077654,0.0,participated,
1980,Moskva,IRQ,Iraq,645,mapped,,0.0,0.0,0.0,0.0,631,204,0.0,0.0,participated,
1980,Moskva,ISL,Iceland,395,mapped,,0.0,0.0,0.0,0.0,631,204,0.0,0.0,participated,
1980,Moskva,ITA,Italy,325,mapped,,8.0,3.0,4.0,15.0,631,204,0.0237717908082408,0.0392156862745098,participated,
1980,Moskva,JAM,Jamaica,51,mapped,,0.0,0.0,3.0,3.0,631,204,0.0047543581616481,0.0,participated,
1980,Moskva,JOR,Jordan,663,mapped,,0.0,0.0,0.0,0.0,631,204,0.0,0.0,participated,
1980,Moskva,KUW,Kuwait,690,mapped,,0.0,0.0,0.0,0.0,631,204,0.0,0.0,participated,
1980,Moskva,LAO,Laos,812,mapped,,0.0,0.0,0.0,0.0,631,204,0.0,0.0,participated,
1980,Moskva,LBA,Libya,620,mapped,,0.0,0.0,0.0,0.0,631,204,0.0,0.0,participated,
1980,Moskva,LES,Lesotho,570,mapped,,0.0,0.0,0.0,0.0,631,204,0.0,0.0,participated,
1980,Moskva,LIB,Lebanon,660,mapped,,0.0,0.0,1.0,1.0,631,204,0.0015847860538827,0.0,participated,
1980,Moskva,LUX,Luxembourg,212,mapped,,0.0,0.0,0.0,0.0,631,204,0.0,0.0,participated,
1980,Moskva,MAD,Madagascar,580,mapped,,0.0,0.0,0.0,0.0,631,204,0.0,0.0,participated,
1980,Moskva,MEX,Mexico,70,mapped,,0.0,1.0,3.0,4.0,631,204,0.0063391442155309,0.0,participated,
1980,Moskva,MGL,Mongolia,712,mapped,,0.0,2.0,2.0,4.0,631,204,0.0063391442155309,0.0,participated,
1980,Moskva,MLI,Mali,432,mapped,,0.0,0.0,0.0,0.0,631,204,0.0,0.0,participated,
1980,Moskva,MLT,Malta,338,mapped,,0.0,0.0,0.0,0.0,631,204,0.0,0.0,participated,
1980,Moskva,MOZ,Mozambique,541,mapped,,0.0,0.0,0.0,0.0,631,204,0.0,0.0,participated,
1980,Moskva,MYA,Myanmar,775,mapped,,0.0,0.0,0.0,0.0,631,204,0.0,0.0,participated,
1980,Moskva,NCA,Nicaragua,93,mapped,,0.0,0.0,0.0,0.0,631,204,0.0,0.0,participated,
1980,Moskva,NED,Netherlands,210,mapped,,0.0,1.0,2.0,3.0,631,204,0.0047543581616481,0.0,participated,
1980,Moskva,NEP,Nepal,790,mapped,,0.0,0.0,0.0,0.0,631,204,0.0,0.0,participated,
1980,Moskva,NGR,Nigeria,475,mapped,,0.0,0.0,0.0,0.0,631,204,0.0,0.0,participated,
1980,Moskva,NZL,New Zealand,920,mapped,,0.0,0.0,0.0,0.0,631,204,0.0,0.0,participated,
1980,Moskva,PER,Peru,135,mapped,,0.0,0.0,0.0,0.0,631,204,0.0,0.0,participated,
1980,Moskva,POL,Poland,290,mapped,,3.0,14.0,15.0,32.0,631,204,0.0507131537242472,0.0147058823529411,participated,
1980,Moskva,POR,Portugal,235,mapped,,0.0,0.0,0.0,0.0,631,204,0.0,0.0,participated,
1980,Moskva,PRK,North Korea,731,mapped,,0.0,3.0,2.0,5.0,631,204,0.0079239302694136,0.0,participated,
1980,Moskva,PUR,Puerto Rico,,excluded_non_sovereign,Olympic delegation does not correspond to an independent sovereign-state geometry in the adopted CShapes choropleth.,0.0,0.0,0.0,0.0,631,204,0.0,0.0,participated,
1980,Moskva,ROU,Romania,360,mapped,,6.0,6.0,13.0,25.0,631,204,0.0396196513470681,0.0294117647058823,participated,
1980,Moskva,SEN,Senegal,433,mapped,,0.0,0.0,0.0,0.0,631,204,0.0,0.0,participated,
1980,Moskva,SEY,Seychelles,,excluded_no_cshapes_geometry,No corresponding geometry is available in the adopted CShapes/Gleditsch-Ward sovereign-state basemap for this Olympic scope.,0.0,0.0,0.0,0.0,631,204,0.0,0.0,participated,
1980,Moskva,SLE,Sierra Leone,451,mapped,,0.0,0.0,0.0,0.0,631,204,0.0,0.0,participated,
1980,Moskva,SMR,San Marino,,excluded_no_cshapes_geometry,No corresponding geometry is available in the adopted CShapes/Gleditsch-Ward sovereign-state basemap for this Olympic scope.,0.0,0.0,0.0,0.0,631,204,0.0,0.0,participated,
1980,Moskva,SRI,Sri Lanka,780,mapped,,0.0,0.0,0.0,0.0,631,204,0.0,0.0,participated,
1980,Moskva,SUI,Switzerland,225,mapped,,2.0,0.0,0.0,2.0,631,204,0.0031695721077654,0.0098039215686274,participated,
1980,Moskva,SWE,Sweden,380,mapped,,3.0,3.0,6.0,12.0,631,204,0.0190174326465927,0.0147058823529411,participated,
1980,Moskva,SYR,Syria,652,mapped,,0.0,0.0,0.0,0.0,631,204,0.0,0.0,participated,
1980,Moskva,TAN,Tanzania,510,mapped,,0.0,2.0,0.0,2.0,631,204,0.0031695721077654,0.0,participated,
1980,Moskva,TCH,Czechoslovakia,315,mapped,,2.0,3.0,9.0,14.0,631,204,0.0221870047543581,0.0098039215686274,participated,
1980,Moskva,TTO,Trinidad and Tobago,52,mapped,,0.0,0.0,0.0,0.0,631,204,0.0,0.0,participated,
1980,Moskva,UGA,Uganda,500,mapped,,0.0,1.0,0.0,1.0,631,204,0.0015847860538827,0.0,participated,
1980,Moskva,URS,Soviet Union,365,mapped,,80.0,69.0,46.0,195.0,631,204,0.3090332805071315,0.392156862745098,participated,
1980,Moskva,USA,United States,2,mapped,,,,,,631,204,,,boycott,USA
1980,Moskva,VEN,Venezuela,101,mapped,,0.0,1.0,0.0,1.0,631,204,0.0015847860538827,0.0,participated,
1980,Moskva,VIE,Vietnam,816,mapped,,0.0,0.0,0.0,0.0,631,204,0.0,0.0,participated,
1980,Moskva,YUG,Yugoslavia,345,mapped,,2.0,3.0,4.0,9.0,631,204,0.0142630744849445,0.0098039215686274,participated,
1980,Moskva,ZAM,Zambia,551,mapped,,0.0,0.0,0.0,0.0,631,204,0.0,0.0,participated,
1980,Moskva,ZIM,Zimbabwe,552,mapped,,1.0,0.0,0.0,1.0,631,204,0.0015847860538827,0.0049019607843137,participated,
1984,Los Angeles,AHO,Netherlands Antilles,,excluded_non_sovereign,Olympic delegation does not correspond to an independent sovereign-state geometry in the adopted CShapes choropleth.,0.0,0.0,0.0,0.0,685,224,0.0,0.0,participated,
1984,Los Angeles,ALG,Algeria,615,mapped,,0.0,0.0,2.0,2.0,685,224,0.002919708029197,0.0,participated,
1984,Los Angeles,AND,Andorra,,excluded_no_cshapes_geometry,No corresponding geometry is available in the adopted CShapes/Gleditsch-Ward sovereign-state basemap for this Olympic scope.,0.0,0.0,0.0,0.0,685,224,0.0,0.0,participated,
1984,Los Angeles,ANT,Antigua and Barbuda,,excluded_no_cshapes_geometry,No corresponding geometry is available in the adopted CShapes/Gleditsch-Ward sovereign-state basemap for this Olympic scope.,0.0,0.0,0.0,0.0,685,224,0.0,0.0,participated,
1984,Los Angeles,ARG,Argentina,160,mapped,,0.0,0.0,0.0,0.0,685,224,0.0,0.0,participated,
1984,Los Angeles,AUS,Australia,900,mapped,,4.0,8.0,12.0,24.0,685,224,0.0350364963503649,0.0178571428571428,participated,
1984,Los Angeles,AUT,Austria,305,mapped,,1.0,1.0,1.0,3.0,685,224,0.0043795620437956,0.0044642857142857,participated,
1984,Los Angeles,BAH,Bahamas,31,mapped,,0.0,0.0,0.0,0.0,685,224,0.0,0.0,participated,
1984,Los Angeles,BAN,Bangladesh,771,mapped,,0.0,0.0,0.0,0.0,685,224,0.0,0.0,participated,
1984,Los Angeles,BAR,Barbados,53,mapped,,0.0,0.0,0.0,0.0,685,224,0.0,0.0,participated,
1984,Los Angeles,BEL,Belgium,211,mapped,,1.0,1.0,2.0,4.0,685,224,0.0058394160583941,0.0044642857142857,participated,
1984,Los Angeles,BEN,Benin,434,mapped,,0.0,0.0,0.0,0.0,685,224,0.0,0.0,participated,
1984,Los Angeles,BER,Bermuda,,excluded_non_sovereign,Olympic delegation does not correspond to an independent sovereign-state geometry in the adopted CShapes choropleth.,0.0,0.0,0.0,0.0,685,224,0.0,0.0,participated,
1984,Los Angeles,BHU,Bhutan,760,mapped,,0.0,0.0,0.0,0.0,685,224,0.0,0.0,participated,
1984,Los Angeles,BIZ,Belize,80,mapped,,0.0,0.0,0.0,0.0,685,224,0.0,0.0,participated,
1984,Los Angeles,BOL,Bolivia,145,mapped,,0.0,0.0,0.0,0.0,685,224,0.0,0.0,participated,
1984,Los Angeles,BOT,Botswana,571,mapped,,0.0,0.0,0.0,0.0,685,224,0.0,0.0,participated,
1984,Los Angeles,BRA,Brazil,140,mapped,,1.0,5.0,2.0,8.0,685,224,0.0116788321167883,0.0044642857142857,participated,
1984,Los Angeles,BRN,Bahrain,692,mapped,,0.0,0.0,0.0,0.0,685,224,0.0,0.0,participated,
1984,Los Angeles,CAF,Central African Republic,482,mapped,,0.0,0.0,0.0,0.0,685,224,0.0,0.0,participated,
1984,Los Angeles,CAN,Canada,20,mapped,,10.0,18.0,16.0,44.0,685,224,0.0642335766423357,0.0446428571428571,participated,
1984,Los Angeles,CAY,Cayman Islands,,excluded_non_sovereign,Olympic delegation does not correspond to an independent sovereign-state geometry in the adopted CShapes choropleth.,0.0,0.0,0.0,0.0,685,224,0.0,0.0,participated,
1984,Los Angeles,CGO,Congo (Brazzaville),484,mapped,,0.0,0.0,0.0,0.0,685,224,0.0,0.0,participated,
1984,Los Angeles,CHA,Chad,483,mapped,,0.0,0.0,0.0,0.0,685,224,0.0,0.0,participated,
1984,Los Angeles,CHI,Chile,155,mapped,,0.0,0.0,0.0,0.0,685,224,0.0,0.0,participated,
1984,Los Angeles,CHN,China,710,mapped,,15.0,8.0,9.0,32.0,685,224,0.0467153284671532,0.0669642857142857,participated,
1984,Los Angeles,CIV,Cote d'Ivoire,437,mapped,,0.0,1.0,0.0,1.0,685,224,0.0014598540145985,0.0,participated,
1984,Los Angeles,CMR,Cameroon,471,mapped,,0.0,0.0,1.0,1.0,685,224,0.0014598540145985,0.0,participated,
1984,Los Angeles,COD,Congo (Kinshasa),490,mapped,,0.0,0.0,0.0,0.0,685,224,0.0,0.0,participated,
1984,Los Angeles,COL,Colombia,100,mapped,,0.0,1.0,0.0,1.0,685,224,0.0014598540145985,0.0,participated,
1984,Los Angeles,CRC,Costa Rica,94,mapped,,0.0,0.0,0.0,0.0,685,224,0.0,0.0,participated,
1984,Los Angeles,CYP,Cyprus,352,mapped,,0.0,0.0,0.0,0.0,685,224,0.0,0.0,participated,
1984,Los Angeles,DEN,Denmark,390,mapped,,0.0,3.0,3.0,6.0,685,224,0.0087591240875912,0.0,participated,
1984,Los Angeles,DJI,Djibouti,522,mapped,,0.0,0.0,0.0,0.0,685,224,0.0,0.0,participated,
1984,Los Angeles,DOM,Dominican Republic,42,mapped,,0.0,0.0,1.0,1.0,685,224,0.0014598540145985,0.0,participated,
1984,Los Angeles,ECU,Ecuador,130,mapped,,0.0,0.0,0.0,0.0,685,224,0.0,0.0,participated,
1984,Los Angeles,EGY,Egypt,651,mapped,,0.0,1.0,0.0,1.0,685,224,0.0014598540145985,0.0,participated,
1984,Los Angeles,ESA,El Salvador,92,mapped,,0.0,0.0,0.0,0.0,685,224,0.0,0.0,participated,
1984,Los Angeles,ESP,Spain,230,mapped,,1.0,2.0,2.0,5.0,685,224,0.0072992700729927,0.0044642857142857,participated,
1984,Los Angeles,FIJ,Fiji,950,mapped,,0.0,0.0,0.0,0.0,685,224,0.0,0.0,participated,
1984,Los Angeles,FIN,Finland,375,mapped,,4.0,2.0,6.0,12.0,685,224,0.0175182481751824,0.0178571428571428,participated,
1984,Los Angeles,FRA,France,220,mapped,,5.0,7.0,16.0,28.0,685,224,0.0408759124087591,0.0223214285714285,participated,
1984,Los Angeles,FRG,West Germany,260,mapped,,17.0,19.0,23.0,59.0,685,224,0.0861313868613138,0.0758928571428571,participated,
1984,Los Angeles,GAB,Gabon,481,mapped,,0.0,0.0,0.0,0.0,685,224,0.0,0.0,participated,
1984,Los Angeles,GAM,Gambia,420,mapped,,0.0,0.0,0.0,0.0,685,224,0.0,0.0,participated,
1984,Los Angeles,GBR,Great Britain,200,mapped,,5.0,11.0,21.0,37.0,685,224,0.0540145985401459,0.0223214285714285,participated,
1984,Los Angeles,GEQ,Equatorial Guinea,411,mapped,,0.0,0.0,0.0,0.0,685,224,0.0,0.0,participated,
1984,Los Angeles,GHA,Ghana,452,mapped,,0.0,0.0,0.0,0.0,685,224,0.0,0.0,participated,
1984,Los Angeles,GRE,Greece,350,mapped,,0.0,1.0,1.0,2.0,685,224,0.002919708029197,0.0,participated,
1984,Los Angeles,GRN,Grenada,,excluded_no_cshapes_geometry,No corresponding geometry is available in the adopted CShapes/Gleditsch-Ward sovereign-state basemap for this Olympic scope.,0.0,0.0,0.0,0.0,685,224,0.0,0.0,participated,
1984,Los Angeles,GUA,Guatemala,90,mapped,,0.0,0.0,0.0,0.0,685,224,0.0,0.0,participated,
1984,Los Angeles,GUI,Guinea,438,mapped,,0.0,0.0,0.0,0.0,685,224,0.0,0.0,participated,
1984,Los Angeles,GUY,Guyana,110,mapped,,0.0,0.0,0.0,0.0,685,224,0.0,0.0,participated,
1984,Los Angeles,HAI,Haiti,41,mapped,,0.0,0.0,0.0,0.0,685,224,0.0,0.0,participated,
1984,Los Angeles,HKG,Hong Kong,,excluded_non_sovereign,Olympic delegation does not correspond to an independent sovereign-state geometry in the adopted CShapes choropleth.,0.0,0.0,0.0,0.0,685,224,0.0,0.0,participated,
1984,Los Angeles,HON,Honduras,91,mapped,,0.0,0.0,0.0,0.0,685,224,0.0,0.0,participated,
1984,Los Angeles,INA,Indonesia,850,mapped,,0.0,0.0,0.0,0.0,685,224,0.0,0.0,participated,
1984,Los Angeles,IND,India,750,mapped,,0.0,0.0,0.0,0.0,685,224,0.0,0.0,participated,
1984,Los Angeles,IRL,Ireland,205,mapped,,0.0,1.0,0.0,1.0,685,224,0.0014598540145985,0.0,participated,
1984,Los Angeles,IRQ,Iraq,645,mapped,,0.0,0.0,0.0,0.0,685,224,0.0,0.0,participated,
1984,Los Angeles,ISL,Iceland,395,mapped,,0.0,0.0,1.0,1.0,685,224,0.0014598540145985,0.0,participated,
1984,Los Angeles,ISR,Israel,666,mapped,,0.0,0.0,0.0,0.0,685,224,0.0,0.0,participated,
1984,Los Angeles,ISV,United States Virgin Islands,,excluded_non_sovereign,Olympic delegation does not correspond to an independent sovereign-state geometry in the adopted CShapes choropleth.,0.0,0.0,0.0,0.0,685,224,0.0,0.0,participated,
1984,Los Angeles,ITA,Italy,325,mapped,,14.0,6.0,12.0,32.0,685,224,0.0467153284671532,0.0625,participated,
1984,Los Angeles,IVB,British Virgin Islands,,excluded_non_sovereign,Olympic delegation does not correspond to an independent sovereign-state geometry in the adopted CShapes choropleth.,0.0,0.0,0.0,0.0,685,224,0.0,0.0,participated,
1984,Los Angeles,JAM,Jamaica,51,mapped,,0.0,1.0,2.0,3.0,685,224,0.0043795620437956,0.0,participated,
1984,Los Angeles,JOR,Jordan,663,mapped,,0.0,0.0,0.0,0.0,685,224,0.0,0.0,participated,
1984,Los Angeles,JPN,Japan,740,mapped,,10.0,7.0,14.0,31.0,685,224,0.0452554744525547,0.0446428571428571,participated,
1984,Los Angeles,KEN,Kenya,501,mapped,,1.0,0.0,2.0,3.0,685,224,0.0043795620437956,0.0044642857142857,participated,
1984,Los Angeles,KOR,South Korea,732,mapped,,6.0,6.0,7.0,19.0,685,224,0.0277372262773722,0.0267857142857142,participated,
1984,Los Angeles,KSA,Saudi Arabia,670,mapped,,0.0,0.0,0.0,0.0,685,224,0.0,0.0,participated,
1984,Los Angeles,KUW,Kuwait,690,mapped,,0.0,0.0,0.0,0.0,685,224,0.0,0.0,participated,
1984,Los Angeles,LBR,Liberia,450,mapped,,0.0,0.0,0.0,0.0,685,224,0.0,0.0,participated,
1984,Los Angeles,LES,Lesotho,570,mapped,,0.0,0.0,0.0,0.0,685,224,0.0,0.0,participated,
1984,Los Angeles,LIB,Lebanon,660,mapped,,0.0,0.0,0.0,0.0,685,224,0.0,0.0,participated,
1984,Los Angeles,LIE,Liechtenstein,,excluded_no_cshapes_geometry,No corresponding geometry is available in the adopted CShapes/Gleditsch-Ward sovereign-state basemap for this Olympic scope.,0.0,0.0,0.0,0.0,685,224,0.0,0.0,participated,
1984,Los Angeles,LUX,Luxembourg,212,mapped,,0.0,0.0,0.0,0.0,685,224,0.0,0.0,participated,
1984,Los Angeles,MAD,Madagascar,580,mapped,,0.0,0.0,0.0,0.0,685,224,0.0,0.0,participated,
1984,Los Angeles,MAR,Morocco,600,mapped,,2.0,0.0,0.0,2.0,685,224,0.002919708029197,0.0089285714285714,participated,
1984,Los Angeles,MAS,Malaysia,820,mapped,,0.0,0.0,0.0,0.0,685,224,0.0,0.0,participated,
1984,Los Angeles,MAW,Malawi,553,mapped,,0.0,0.0,0.0,0.0,685,224,0.0,0.0,participated,
1984,Los Angeles,MEX,Mexico,70,mapped,,2.0,3.0,1.0,6.0,685,224,0.0087591240875912,0.0089285714285714,participated,
1984,Los Angeles,MLI,Mali,432,mapped,,0.0,0.0,0.0,0.0,685,224,0.0,0.0,participated,
1984,Los Angeles,MLT,Malta,338,mapped,,0.0,0.0,0.0,0.0,685,224,0.0,0.0,participated,
1984,Los Angeles,MON,Monaco,,excluded_no_cshapes_geometry,No corresponding geometry is available in the adopted CShapes/Gleditsch-Ward sovereign-state basemap for this Olympic scope.,0.0,0.0,0.0,0.0,685,224,0.0,0.0,participated,
1984,Los Angeles,MOZ,Mozambique,541,mapped,,0.0,0.0,0.0,0.0,685,224,0.0,0.0,participated,
1984,Los Angeles,MRI,Mauritius,590,mapped,,0.0,0.0,0.0,0.0,685,224,0.0,0.0,participated,
1984,Los Angeles,MTN,Mauritania,435,mapped,,0.0,0.0,0.0,0.0,685,224,0.0,0.0,participated,
1984,Los Angeles,MYA,Myanmar,775,mapped,,0.0,0.0,0.0,0.0,685,224,0.0,0.0,participated,
1984,Los Angeles,NCA,Nicaragua,93,mapped,,0.0,0.0,0.0,0.0,685,224,0.0,0.0,participated,
1984,Los Angeles,NED,Netherlands,210,mapped,,5.0,2.0,6.0,13.0,685,224,0.018978102189781,0.0223214285714285,participated,
1984,Los Angeles,NEP,Nepal,790,mapped,,0.0,0.0,0.0,0.0,685,224,0.0,0.0,participated,
1984,Los Angeles,NGR,Nigeria,475,mapped,,0.0,1.0,1.0,2.0,685,224,0.002919708029197,0.0,participated,
1984,Los Angeles,NIG,Niger,436,mapped,,0.0,0.0,0.0,0.0,685,224,0.0,0.0,participated,
1984,Los Angeles,NOR,Norway,385,mapped,,0.0,1.0,2.0,3.0,685,224,0.0043795620437956,0.0,participated,
1984,Los Angeles,NZL,New Zealand,920,mapped,,8.0,1.0,2.0,11.0,685,224,0.0160583941605839,0.0357142857142857,participated,
1984,Los Angeles,OMA,Oman,698,mapped,,0.0,0.0,0.0,0.0,685,224,0.0,0.0,participated,
1984,Los Angeles,PAK,Pakistan,770,mapped,,1.0,0.0,0.0,1.0,685,224,0.0014598540145985,0.0044642857142857,participated,
1984,Los Angeles,PAN,Panama,95,mapped,,0.0,0.0,0.0,0.0,685,224,0.0,0.0,participated,
1984,Los Angeles,PAR,Paraguay,150,mapped,,0.0,0.0,0.0,0.0,685,224,0.0,0.0,participated,
1984,Los Angeles,PER,Peru,135,mapped,,0.0,1.0,0.0,1.0,685,224,0.0014598540145985,0.0,participated,
1984,Los Angeles,PHI,Philippines,840,mapped,,0.0,0.0,0.0,0.0,685,224,0.0,0.0,participated,
1984,Los Angeles,PNG,Papua New Guinea,910,mapped,,0.0,0.0,0.0,0.0,685,224,0.0,0.0,participated,
1984,Los Angeles,POR,Portugal,235,mapped,,1.0,0.0,2.0,3.0,685,224,0.0043795620437956,0.0044642857142857,participated,
1984,Los Angeles,PUR,Puerto Rico,,excluded_non_sovereign,Olympic delegation does not correspond to an independent sovereign-state geometry in the adopted CShapes choropleth.,0.0,1.0,1.0,2.0,685,224,0.002919708029197,0.0,participated,
1984,Los Angeles,QAT,Qatar,694,mapped,,0.0,0.0,0.0,0.0,685,224,0.0,0.0,participated,
1984,Los Angeles,ROU,Romania,360,mapped,,19.0,16.0,17.0,52.0,685,224,0.075912408759124,0.0848214285714285,participated,
1984,Los Angeles,RWA,Rwanda,517,mapped,,0.0,0.0,0.0,0.0,685,224,0.0,0.0,participated,
1984,Los Angeles,SAM,Samoa,,excluded_no_cshapes_geometry,No corresponding geometry is available in the adopted CShapes/Gleditsch-Ward sovereign-state basemap for this Olympic scope.,0.0,0.0,0.0,0.0,685,224,0.0,0.0,participated,
1984,Los Angeles,SEN,Senegal,433,mapped,,0.0,0.0,0.0,0.0,685,224,0.0,0.0,participated,
1984,Los Angeles,SEY,Seychelles,,excluded_no_cshapes_geometry,No corresponding geometry is available in the adopted CShapes/Gleditsch-Ward sovereign-state basemap for this Olympic scope.,0.0,0.0,0.0,0.0,685,224,0.0,0.0,participated,
1984,Los Angeles,SGP,Singapore,830,mapped,,0.0,0.0,0.0,0.0,685,224,0.0,0.0,participated,
1984,Los Angeles,SLE,Sierra Leone,451,mapped,,0.0,0.0,0.0,0.0,685,224,0.0,0.0,participated,
1984,Los Angeles,SMR,San Marino,,excluded_no_cshapes_geometry,No corresponding geometry is available in the adopted CShapes/Gleditsch-Ward sovereign-state basemap for this Olympic scope.,0.0,0.0,0.0,0.0,685,224,0.0,0.0,participated,
1984,Los Angeles,SOL,Solomon Islands,940,mapped,,0.0,0.0,0.0,0.0,685,224,0.0,0.0,participated,
1984,Los Angeles,SOM,Somalia,520,mapped,,0.0,0.0,0.0,0.0,685,224,0.0,0.0,participated,
1984,Los Angeles,SRI,Sri Lanka,780,mapped,,0.0,0.0,0.0,0.0,685,224,0.0,0.0,participated,
1984,Los Angeles,SUD,Sudan,625,mapped,,0.0,0.0,0.0,0.0,685,224,0.0,0.0,participated,
1984,Los Angeles,SUI,Switzerland,225,mapped,,0.0,4.0,4.0,8.0,685,224,0.0116788321167883,0.0,participated,
1984,Los Angeles,SUR,Suriname,115,mapped,,0.0,0.0,0.0,0.0,685,224,0.0,0.0,participated,
1984,Los Angeles,SWE,Sweden,380,mapped,,2.0,11.0,6.0,19.0,685,224,0.0277372262773722,0.0089285714285714,participated,
1984,Los Angeles,SWZ,Swaziland,572,mapped,,0.0,0.0,0.0,0.0,685,224,0.0,0.0,participated,
1984,Los Angeles,SYR,Syria,652,mapped,,0.0,1.0,0.0,1.0,685,224,0.0014598540145985,0.0,participated,
1984,Los Angeles,TAN,Tanzania,510,mapped,,0.0,0.0,0.0,0.0,685,224,0.0,0.0,participated,
1984,Los Angeles,TGA,Tonga,,excluded_no_cshapes_geometry,No corresponding geometry is available in the adopted CShapes/Gleditsch-Ward sovereign-state basemap for this Olympic scope.,0.0,0.0,0.0,0.0,685,224,0.0,0.0,participated,
1984,Los Angeles,THA,Thailand,800,mapped,,0.0,1.0,0.0,1.0,685,224,0.0014598540145985,0.0,participated,
1984,Los Angeles,TOG,Togo,461,mapped,,0.0,0.0,0.0,0.0,685,224,0.0,0.0,participated,
1984,Los Angeles,TPE,Chinese Taipei,713,mapped,,0.0,0.0,1.0,1.0,685,224,0.0014598540145985,0.0,participated,
1984,Los Angeles,TTO,Trinidad and Tobago,52,mapped,,0.0,0.0,0.0,0.0,685,224,0.0,0.0,participated,
1984,Los Angeles,TUN,Tunisia,616,mapped,,0.0,0.0,0.0,0.0,685,224,0.0,0.0,participated,
1984,Los Angeles,TUR,Turkey,640,mapped,,0.0,0.0,3.0,3.0,685,224,0.0043795620437956,0.0,participated,
1984,Los Angeles,UAE,United Arab Emirates,696,mapped,,0.0,0.0,0.0,0.0,685,224,0.0,0.0,participated,
1984,Los Angeles,UGA,Uganda,500,mapped,,0.0,0.0,0.0,0.0,685,224,0.0,0.0,participated,
1984,Los Angeles,URS,Soviet Union,365,mapped,,,,,,685,224,,,boycott,URS
1984,Los Angeles,URU,Uruguay,165,mapped,,0.0,0.0,0.0,0.0,685,224,0.0,0.0,participated,
1984,Los Angeles,USA,United States,2,mapped,,82.0,61.0,30.0,173.0,685,224,0.2525547445255474,0.3660714285714285,participated,
1984,Los Angeles,VEN,Venezuela,101,mapped,,0.0,0.0,3.0,3.0,685,224,0.0043795620437956,0.0,participated,
1984,Los Angeles,YAR,North Yemen,678,mapped,,0.0,0.0,0.0,0.0,685,224,0.0,0.0,participated,
1984,Los Angeles,YUG,Yugoslavia,345,mapped,,7.0,4.0,7.0,18.0,685,224,0.0262773722627737,0.03125,participated,
1984,Los Angeles,ZAM,Zambia,551,mapped,,0.0,0.0,1.0,1.0,685,224,0.0014598540145985,0.0,participated,
1984,Los Angeles,ZIM,Zimbabwe,552,mapped,,0.0,0.0,0.0,0.0,685,224,0.0,0.0,participated,
1988,Seoul,AFG,Afghanistan,700,mapped,,0.0,0.0,0.0,0.0,738,240,0.0,0.0,participated,
1988,Seoul,AHO,Netherlands Antilles,,excluded_non_sovereign,Olympic delegation does not correspond to an independent sovereign-state geometry in the adopted CShapes choropleth.,0.0,1.0,0.0,1.0,738,240,0.0013550135501355,0.0,participated,
1988,Seoul,ALG,Algeria,615,mapped,,0.0,0.0,0.0,0.0,738,240,0.0,0.0,participated,
1988,Seoul,AND,Andorra,,excluded_no_cshapes_geometry,No corresponding geometry is available in the adopted CShapes/Gleditsch-Ward sovereign-state basemap for this Olympic scope.,0.0,0.0,0.0,0.0,738,240,0.0,0.0,participated,
1988,Seoul,ANG,Angola,540,mapped,,0.0,0.0,0.0,0.0,738,240,0.0,0.0,participated,
1988,Seoul,ANT,Antigua and Barbuda,,excluded_no_cshapes_geometry,No corresponding geometry is available in the adopted CShapes/Gleditsch-Ward sovereign-state basemap for this Olympic scope.,0.0,0.0,0.0,0.0,738,240,0.0,0.0,participated,
1988,Seoul,ARG,Argentina,160,mapped,,0.0,1.0,1.0,2.0,738,240,0.002710027100271,0.0,participated,
1988,Seoul,ARU,Aruba,,excluded_non_sovereign,Olympic delegation does not correspond to an independent sovereign-state geometry in the adopted CShapes choropleth.,0.0,0.0,0.0,0.0,738,240,0.0,0.0,participated,
1988,Seoul,ASA,American Samoa,,excluded_non_sovereign,Olympic delegation does not correspond to an independent sovereign-state geometry in the adopted CShapes choropleth.,0.0,0.0,0.0,0.0,738,240,0.0,0.0,participated,
1988,Seoul,AUS,Australia,900,mapped,,3.0,6.0,5.0,14.0,738,240,0.018970189701897,0.0125,participated,
1988,Seoul,AUT,Austria,305,mapped,,1.0,0.0,0.0,1.0,738,240,0.0013550135501355,0.0041666666666666,participated,
1988,Seoul,BAH,Bahamas,31,mapped,,0.0,0.0,0.0,0.0,738,240,0.0,0.0,participated,
1988,Seoul,BAN,Bangladesh,771,mapped,,0.0,0.0,0.0,0.0,738,240,0.0,0.0,participated,
1988,Seoul,BAR,Barbados,53,mapped,,0.0,0.0,0.0,0.0,738,240,0.0,0.0,participated,
1988,Seoul,BEL,Belgium,211,mapped,,0.0,0.0,2.0,2.0,738,240,0.002710027100271,0.0,participated,
1988,Seoul,BEN,Benin,434,mapped,,0.0,0.0,0.0,0.0,738,240,0.0,0.0,participated,
1988,Seoul,BER,Bermuda,,excluded_non_sovereign,Olympic delegation does not correspond to an independent sovereign-state geometry in the adopted CShapes choropleth.,0.0,0.0,0.0,0.0,738,240,0.0,0.0,participated,
1988,Seoul,BHU,Bhutan,760,mapped,,0.0,0.0,0.0,0.0,738,240,0.0,0.0,participated,
1988,Seoul,BIZ,Belize,80,mapped,,0.0,0.0,0.0,0.0,738,240,0.0,0.0,participated,
1988,Seoul,BOL,Bolivia,145,mapped,,0.0,0.0,0.0,0.0,738,240,0.0,0.0,participated,
1988,Seoul,BOT,Botswana,571,mapped,,0.0,0.0,0.0,0.0,738,240,0.0,0.0,participated,
1988,Seoul,BRA,Brazil,140,mapped,,1.0,2.0,3.0,6.0,738,240,0.008130081300813,0.0041666666666666,participated,
1988,Seoul,BRN,Bahrain,692,mapped,,0.0,0.0,0.0,0.0,738,240,0.0,0.0,participated,
1988,Seoul,BUL,Bulgaria,355,mapped,,10.0,12.0,13.0,35.0,738,240,0.0474254742547425,0.0416666666666666,participated,
1988,Seoul,BUR,Burkina Faso,439,mapped,,0.0,0.0,0.0,0.0,738,240,0.0,0.0,participated,
1988,Seoul,CAF,Central African Republic,482,mapped,,0.0,0.0,0.0,0.0,738,240,0.0,0.0,participated,
1988,Seoul,CAN,Canada,20,mapped,,3.0,2.0,5.0,10.0,738,240,0.013550135501355,0.0125,participated,
1988,Seoul,CAY,Cayman Islands,,excluded_non_sovereign,Olympic delegation does not correspond to an independent sovereign-state geometry in the adopted CShapes choropleth.,0.0,0.0,0.0,0.0,738,240,0.0,0.0,participated,
1988,Seoul,CGO,Congo (Brazzaville),484,mapped,,0.0,0.0,0.0,0.0,738,240,0.0,0.0,participated,
1988,Seoul,CHA,Chad,483,mapped,,0.0,0.0,0.0,0.0,738,240,0.0,0.0,participated,
1988,Seoul,CHI,Chile,155,mapped,,0.0,1.0,0.0,1.0,738,240,0.0013550135501355,0.0,participated,
1988,Seoul,CHN,China,710,mapped,,5.0,11.0,12.0,28.0,738,240,0.037940379403794,0.0208333333333333,participated,
1988,Seoul,CIV,Cote d'Ivoire,437,mapped,,0.0,0.0,0.0,0.0,738,240,0.0,0.0,participated,
1988,Seoul,CMR,Cameroon,471,mapped,,0.0,0.0,0.0,0.0,738,240,0.0,0.0,participated,
1988,Seoul,COD,Congo (Kinshasa),490,mapped,,0.0,0.0,0.0,0.0,738,240,0.0,0.0,participated,
1988,Seoul,COK,Cook Islands,,excluded_non_sovereign,Olympic delegation does not correspond to an independent sovereign-state geometry in the adopted CShapes choropleth.,0.0,0.0,0.0,0.0,738,240,0.0,0.0,participated,
1988,Seoul,COL,Colombia,100,mapped,,0.0,0.0,1.0,1.0,738,240,0.0013550135501355,0.0,participated,
1988,Seoul,CRC,Costa Rica,94,mapped,,0.0,1.0,0.0,1.0,738,240,0.0013550135501355,0.0,participated,
1988,Seoul,CYP,Cyprus,352,mapped,,0.0,0.0,0.0,0.0,738,240,0.0,0.0,participated,
1988,Seoul,DEN,Denmark,390,mapped,,2.0,1.0,1.0,4.0,738,240,0.005420054200542,0.0083333333333333,participated,
1988,Seoul,DJI,Djibouti,522,mapped,,0.0,0.0,1.0,1.0,738,240,0.0013550135501355,0.0,participated,
1988,Seoul,DOM,Dominican Republic,42,mapped,,0.0,0.0,0.0,0.0,738,240,0.0,0.0,participated,
1988,Seoul,ECU,Ecuador,130,mapped,,0.0,0.0,0.0,0.0,738,240,0.0,0.0,participated,
1988,Seoul,EGY,Egypt,651,mapped,,0.0,0.0,0.0,0.0,738,240,0.0,0.0,participated,
1988,Seoul,ESA,El Salvador,92,mapped,,0.0,0.0,0.0,0.0,738,240,0.0,0.0,participated,
1988,Seoul,ESP,Spain,230,mapped,,1.0,1.0,2.0,4.0,738,240,0.005420054200542,0.0041666666666666,participated,
1988,Seoul,FIJ,Fiji,950,mapped,,0.0,0.0,0.0,0.0,738,240,0.0,0.0,participated,
1988,Seoul,FIN,Finland,375,mapped,,1.0,1.0,2.0,4.0,738,240,0.005420054200542,0.0041666666666666,participated,
1988,Seoul,FRA,France,220,mapped,,6.0,4.0,6.0,16.0,738,240,0.021680216802168,0.025,participated,
1988,Seoul,FRG,West Germany,260,mapped,,11.0,14.0,15.0,40.0,738,240,0.05420054200542,0.0458333333333333,participated,
1988,Seoul,GAB,Gabon,481,mapped,,0.0,0.0,0.0,0.0,738,240,0.0,0.0,participated,
1988,Seoul,GAM,Gambia,420,mapped,,0.0,0.0,0.0,0.0,738,240,0.0,0.0,participated,
1988,Seoul,GBR,Great Britain,200,mapped,,5.0,10.0,9.0,24.0,738,240,0.032520325203252,0.0208333333333333,participated,
1988,Seoul,GDR,East Germany,265,mapped,,37.0,35.0,30.0,102.0,738,240,0.1382113821138211,0.1541666666666666,participated,
1988,Seoul,GEQ,Equatorial Guinea,411,mapped,,0.0,0.0,0.0,0.0,738,240,0.0,0.0,participated,
1988,Seoul,GHA,Ghana,452,mapped,,0.0,0.0,0.0,0.0,738,240,0.0,0.0,participated,
1988,Seoul,GRE,Greece,350,mapped,,0.0,0.0,1.0,1.0,738,240,0.0013550135501355,0.0,participated,
1988,Seoul,GRN,Grenada,,excluded_no_cshapes_geometry,No corresponding geometry is available in the adopted CShapes/Gleditsch-Ward sovereign-state basemap for this Olympic scope.,0.0,0.0,0.0,0.0,738,240,0.0,0.0,participated,
1988,Seoul,GUA,Guatemala,90,mapped,,0.0,0.0,0.0,0.0,738,240,0.0,0.0,participated,
1988,Seoul,GUI,Guinea,438,mapped,,0.0,0.0,0.0,0.0,738,240,0.0,0.0,participated,
1988,Seoul,GUM,Guam,,excluded_non_sovereign,Olympic delegation does not correspond to an independent sovereign-state geometry in the adopted CShapes choropleth.,0.0,0.0,0.0,0.0,738,240,0.0,0.0,participated,
1988,Seoul,GUY,Guyana,110,mapped,,0.0,0.0,0.0,0.0,738,240,0.0,0.0,participated,
1988,Seoul,HAI,Haiti,41,mapped,,0.0,0.0,0.0,0.0,738,240,0.0,0.0,participated,
1988,Seoul,HKG,Hong Kong,,excluded_non_sovereign,Olympic delegation does not correspond to an independent sovereign-state geometry in the adopted CShapes choropleth.,0.0,0.0,0.0,0.0,738,240,0.0,0.0,participated,
1988,Seoul,HON,Honduras,91,mapped,,0.0,0.0,0.0,0.0,738,240,0.0,0.0,participated,
1988,Seoul,HUN,Hungary,310,mapped,,11.0,6.0,6.0,23.0,738,240,0.0311653116531165,0.0458333333333333,participated,
1988,Seoul,INA,Indonesia,850,mapped,,0.0,1.0,0.0,1.0,738,240,0.0013550135501355,0.0,participated,
1988,Seoul,IND,India,750,mapped,,0.0,0.0,0.0,0.0,738,240,0.0,0.0,participated,
1988,Seoul,IRI,Iran,630,mapped,,0.0,1.0,0.0,1.0,738,240,0.0013550135501355,0.0,participated,
1988,Seoul,IRL,Ireland,205,mapped,,0.0,0.0,0.0,0.0,738,240,0.0,0.0,participated,
1988,Seoul,IRQ,Iraq,645,mapped,,0.0,0.0,0.0,0.0,738,240,0.0,0.0,participated,
1988,Seoul,ISL,Iceland,395,mapped,,0.0,0.0,0.0,0.0,738,240,0.0,0.0,participated,
1988,Seoul,ISR,Israel,666,mapped,,0.0,0.0,0.0,0.0,738,240,0.0,0.0,participated,
1988,Seoul,ISV,United States Virgin Islands,,excluded_non_sovereign,Olympic delegation does not correspond to an independent sovereign-state geometry in the adopted CShapes choropleth.,0.0,1.0,0.0,1.0,738,240,0.0013550135501355,0.0,participated,
1988,Seoul,ITA,Italy,325,mapped,,6.0,4.0,4.0,14.0,738,240,0.018970189701897,0.025,participated,
1988,Seoul,IVB,British Virgin Islands,,excluded_non_sovereign,Olympic delegation does not correspond to an independent sovereign-state geometry in the adopted CShapes choropleth.,0.0,0.0,0.0,0.0,738,240,0.0,0.0,participated,
1988,Seoul,JAM,Jamaica,51,mapped,,0.0,2.0,0.0,2.0,738,240,0.002710027100271,0.0,participated,
1988,Seoul,JOR,Jordan,663,mapped,,0.0,0.0,0.0,0.0,738,240,0.0,0.0,participated,
1988,Seoul,JPN,Japan,740,mapped,,4.0,3.0,7.0,14.0,738,240,0.018970189701897,0.0166666666666666,participated,
1988,Seoul,KEN,Kenya,501,mapped,,5.0,2.0,2.0,9.0,738,240,0.0121951219512195,0.0208333333333333,participated,
1988,Seoul,KOR,South Korea,732,mapped,,12.0,10.0,11.0,33.0,738,240,0.0447154471544715,0.05,participated,
1988,Seoul,KSA,Saudi Arabia,670,mapped,,0.0,0.0,0.0,0.0,738,240,0.0,0.0,participated,
1988,Seoul,KUW,Kuwait,690,mapped,,0.0,0.0,0.0,0.0,738,240,0.0,0.0,participated,
1988,Seoul,LAO,Laos,812,mapped,,0.0,0.0,0.0,0.0,738,240,0.0,0.0,participated,
1988,Seoul,LBA,Libya,620,mapped,,0.0,0.0,0.0,0.0,738,240,0.0,0.0,participated,
1988,Seoul,LBR,Liberia,450,mapped,,0.0,0.0,0.0,0.0,738,240,0.0,0.0,participated,
1988,Seoul,LES,Lesotho,570,mapped,,0.0,0.0,0.0,0.0,738,240,0.0,0.0,participated,
1988,Seoul,LIB,Lebanon,660,mapped,,0.0,0.0,0.0,0.0,738,240,0.0,0.0,participated,
1988,Seoul,LIE,Liechtenstein,,excluded_no_cshapes_geometry,No corresponding geometry is available in the adopted CShapes/Gleditsch-Ward sovereign-state basemap for this Olympic scope.,0.0,0.0,0.0,0.0,738,240,0.0,0.0,participated,
1988,Seoul,LUX,Luxembourg,212,mapped,,0.0,0.0,0.0,0.0,738,240,0.0,0.0,participated,
1988,Seoul,MAR,Morocco,600,mapped,,1.0,0.0,2.0,3.0,738,240,0.0040650406504065,0.0041666666666666,participated,
1988,Seoul,MAS,Malaysia,820,mapped,,0.0,0.0,0.0,0.0,738,240,0.0,0.0,participated,
1988,Seoul,MAW,Malawi,553,mapped,,0.0,0.0,0.0,0.0,738,240,0.0,0.0,participated,
1988,Seoul,MDV,Maldives,781,mapped,,0.0,0.0,0.0,0.0,738,240,0.0,0.0,participated,
1988,Seoul,MEX,Mexico,70,mapped,,0.0,0.0,2.0,2.0,738,240,0.002710027100271,0.0,participated,
1988,Seoul,MGL,Mongolia,712,mapped,,0.0,0.0,1.0,1.0,738,240,0.0013550135501355,0.0,participated,
1988,Seoul,MLI,Mali,432,mapped,,0.0,0.0,0.0,0.0,738,240,0.0,0.0,participated,
1988,Seoul,MLT,Malta,338,mapped,,0.0,0.0,0.0,0.0,738,240,0.0,0.0,participated,
1988,Seoul,MON,Monaco,,excluded_no_cshapes_geometry,No corresponding geometry is available in the adopted CShapes/Gleditsch-Ward sovereign-state basemap for this Olympic scope.,0.0,0.0,0.0,0.0,738,240,0.0,0.0,participated,
1988,Seoul,MOZ,Mozambique,541,mapped,,0.0,0.0,0.0,0.0,738,240,0.0,0.0,participated,
1988,Seoul,MRI,Mauritius,590,mapped,,0.0,0.0,0.0,0.0,738,240,0.0,0.0,participated,
1988,Seoul,MTN,Mauritania,435,mapped,,0.0,0.0,0.0,0.0,738,240,0.0,0.0,participated,
1988,Seoul,MYA,Myanmar,775,mapped,,0.0,0.0,0.0,0.0,738,240,0.0,0.0,participated,
1988,Seoul,NED,Netherlands,210,mapped,,2.0,2.0,5.0,9.0,738,240,0.0121951219512195,0.0083333333333333,participated,
1988,Seoul,NEP,Nepal,790,mapped,,0.0,0.0,0.0,0.0,738,240,0.0,0.0,participated,
1988,Seoul,NGR,Nigeria,475,mapped,,0.0,0.0,0.0,0.0,738,240,0.0,0.0,participated,
1988,Seoul,NIG,Niger,436,mapped,,0.0,0.0,0.0,0.0,738,240,0.0,0.0,participated,
1988,Seoul,NOR,Norway,385,mapped,,2.0,3.0,0.0,5.0,738,240,0.0067750677506775,0.0083333333333333,participated,
1988,Seoul,NZL,New Zealand,920,mapped,,3.0,2.0,8.0,13.0,738,240,0.0176151761517615,0.0125,participated,
1988,Seoul,OMA,Oman,698,mapped,,0.0,0.0,0.0,0.0,738,240,0.0,0.0,participated,
1988,Seoul,PAK,Pakistan,770,mapped,,0.0,0.0,1.0,1.0,738,240,0.0013550135501355,0.0,participated,
1988,Seoul,PAN,Panama,95,mapped,,0.0,0.0,0.0,0.0,738,240,0.0,0.0,participated,
1988,Seoul,PAR,Paraguay,150,mapped,,0.0,0.0,0.0,0.0,738,240,0.0,0.0,participated,
1988,Seoul,PER,Peru,135,mapped,,0.0,1.0,0.0,1.0,738,240,0.0013550135501355,0.0,participated,
1988,Seoul,PHI,Philippines,840,mapped,,0.0,0.0,1.0,1.0,738,240,0.0013550135501355,0.0,participated,
1988,Seoul,PNG,Papua New Guinea,910,mapped,,0.0,0.0,0.0,0.0,738,240,0.0,0.0,participated,
1988,Seoul,POL,Poland,290,mapped,,2.0,5.0,9.0,16.0,738,240,0.021680216802168,0.0083333333333333,participated,
1988,Seoul,POR,Portugal,235,mapped,,1.0,0.0,0.0,1.0,738,240,0.0013550135501355,0.0041666666666666,participated,
1988,Seoul,PUR,Puerto Rico,,excluded_non_sovereign,Olympic delegation does not correspond to an independent sovereign-state geometry in the adopted CShapes choropleth.,0.0,0.0,0.0,0.0,738,240,0.0,0.0,participated,
1988,Seoul,QAT,Qatar,694,mapped,,0.0,0.0,0.0,0.0,738,240,0.0,0.0,participated,
1988,Seoul,ROU,Romania,360,mapped,,7.0,11.0,6.0,24.0,738,240,0.032520325203252,0.0291666666666666,participated,
1988,Seoul,RWA,Rwanda,517,mapped,,0.0,0.0,0.0,0.0,738,240,0.0,0.0,participated,
1988,Seoul,SAM,Samoa,,excluded_no_cshapes_geometry,No corresponding geometry is available in the adopted CShapes/Gleditsch-Ward sovereign-state basemap for this Olympic scope.,0.0,0.0,0.0,0.0,738,240,0.0,0.0,participated,
1988,Seoul,SEN,Senegal,433,mapped,,0.0,1.0,0.0,1.0,738,240,0.0013550135501355,0.0,participated,
1988,Seoul,SGP,Singapore,830,mapped,,0.0,0.0,0.0,0.0,738,240,0.0,0.0,participated,
1988,Seoul,SLE,Sierra Leone,451,mapped,,0.0,0.0,0.0,0.0,738,240,0.0,0.0,participated,
1988,Seoul,SMR,San Marino,,excluded_no_cshapes_geometry,No corresponding geometry is available in the adopted CShapes/Gleditsch-Ward sovereign-state basemap for this Olympic scope.,0.0,0.0,0.0,0.0,738,240,0.0,0.0,participated,
1988,Seoul,SOL,Solomon Islands,940,mapped,,0.0,0.0,0.0,0.0,738,240,0.0,0.0,participated,
1988,Seoul,SOM,Somalia,520,mapped,,0.0,0.0,0.0,0.0,738,240,0.0,0.0,participated,
1988,Seoul,SRI,Sri Lanka,780,mapped,,0.0,0.0,0.0,0.0,738,240,0.0,0.0,participated,
1988,Seoul,SUD,Sudan,625,mapped,,0.0,0.0,0.0,0.0,738,240,0.0,0.0,participated,
1988,Seoul,SUI,Switzerland,225,mapped,,0.0,2.0,2.0,4.0,738,240,0.005420054200542,0.0,participated,
1988,Seoul,SUR,Suriname,115,mapped,,1.0,0.0,0.0,1.0,738,240,0.0013550135501355,0.0041666666666666,participated,
1988,Seoul,SWE,Sweden,380,mapped,,0.0,4.0,7.0,11.0,738,240,0.0149051490514905,0.0,participated,
1988,Seoul,SWZ,Swaziland,572,mapped,,0.0,0.0,0.0,0.0,738,240,0.0,0.0,participated,
1988,Seoul,SYR,Syria,652,mapped,,0.0,0.0,0.0,0.0,738,240,0.0,0.0,participated,
1988,Seoul,TAN,Tanzania,510,mapped,,0.0,0.0,0.0,0.0,738,240,0.0,0.0,participated,
1988,Seoul,TCH,Czechoslovakia,315,mapped,,3.0,3.0,2.0,8.0,738,240,0.010840108401084,0.0125,participated,
1988,Seoul,TGA,Tonga,,excluded_no_cshapes_geometry,No corresponding geometry is available in the adopted CShapes/Gleditsch-Ward sovereign-state basemap for this Olympic scope.,0.0,0.0,0.0,0.0,738,240,0.0,0.0,participated,
1988,Seoul,THA,Thailand,800,mapped,,0.0,0.0,1.0,1.0,738,240,0.0013550135501355,0.0,participated,
1988,Seoul,TOG,Togo,461,mapped,,0.0,0.0,0.0,0.0,738,240,0.0,0.0,participated,
1988,Seoul,TPE,Chinese Taipei,713,mapped,,0.0,0.0,0.0,0.0,738,240,0.0,0.0,participated,
1988,Seoul,TTO,Trinidad and Tobago,52,mapped,,0.0,0.0,0.0,0.0,738,240,0.0,0.0,participated,
1988,Seoul,TUN,Tunisia,616,mapped,,0.0,0.0,0.0,0.0,738,240,0.0,0.0,participated,
1988,Seoul,TUR,Turkey,640,mapped,,1.0,1.0,0.0,2.0,738,240,0.002710027100271,0.0041666666666666,participated,
1988,Seoul,UAE,United Arab Emirates,696,mapped,,0.0,0.0,0.0,0.0,738,240,0.0,0.0,participated,
1988,Seoul,UGA,Uganda,500,mapped,,0.0,0.0,0.0,0.0,738,240,0.0,0.0,participated,
1988,Seoul,URS,Soviet Union,365,mapped,,54.0,31.0,46.0,131.0,738,240,0.1775067750677506,0.225,participated,
1988,Seoul,URU,Uruguay,165,mapped,,0.0,0.0,0.0,0.0,738,240,0.0,0.0,participated,
1988,Seoul,USA,United States,2,mapped,,36.0,31.0,27.0,94.0,738,240,0.1273712737127371,0.15,participated,
1988,Seoul,VAN,Vanuatu,,excluded_no_cshapes_geometry,No corresponding geometry is available in the adopted CShapes/Gleditsch-Ward sovereign-state basemap for this Olympic scope.,0.0,0.0,0.0,0.0,738,240,0.0,0.0,participated,
1988,Seoul,VEN,Venezuela,101,mapped,,0.0,0.0,0.0,0.0,738,240,0.0,0.0,participated,
1988,Seoul,VIE,Vietnam,816,mapped,,0.0,0.0,0.0,0.0,738,240,0.0,0.0,participated,
1988,Seoul,VIN,Saint Vincent and the Grenadines,,excluded_no_cshapes_geometry,No corresponding geometry is available in the adopted CShapes/Gleditsch-Ward sovereign-state basemap for this Olympic scope.,0.0,0.0,0.0,0.0,738,240,0.0,0.0,participated,
1988,Seoul,YAR,North Yemen,678,mapped,,0.0,0.0,0.0,0.0,738,240,0.0,0.0,participated,
1988,Seoul,YMD,South Yemen,680,mapped,,0.0,0.0,0.0,0.0,738,240,0.0,0.0,participated,
1988,Seoul,YUG,Yugoslavia,345,mapped,,3.0,4.0,5.0,12.0,738,240,0.016260162601626,0.0125,participated,
1988,Seoul,ZAM,Zambia,551,mapped,,0.0,0.0,0.0,0.0,738,240,0.0,0.0,participated,
1988,Seoul,ZIM,Zimbabwe,552,mapped,,0.0,0.0,0.0,0.0,738,240,0.0,0.0,participated,
